OBJECTID,Document Nbr,Crash Year,Crash Date,Crash Military Time,Crash Severity,K_People,A_People,B_People,C_People,Persons Injured,Pedestrians Killed,Pedestrians Injured,Vehicle Count,Collision Type,Weather Condition,Light Condition,Roadway Surface Condition,Relation To Roadway,Roadway Alignment,Roadway Surface Type,Roadway Defect,Roadway Description,Intersection Type,Traffic Control Type,Traffic Control Status,Work Zone Related,Work Zone Location,Work Zone Type,School Zone,First Harmful Event,First Harmful Event Loc,Alcohol?,Animal Related?,Unrestrained?,Bike?,Distracted?,Drowsy?,Drug Related?,Guardrail Related?,Hitrun?,Lgtruck?,Motorcycle?,Pedestrian?,Speed?,Max Speed Diff,RoadDeparture Type,Intersection Analysis,Senior?,Young?,Mainline?,Night?,VDOT District,Juris Code,Physical Juris Name,Functional Class,Facility Type,Area Type,SYSTEM,VSP,Ownership,Planning District,MPO Name,RTE Name,RNS MP,Node,Node Offset (ft),x,y,Crash_Severity,type_severity,Type_severity
319951,182075066,2018,7/23/2018 4:00:00 AM,1532,B,0,0,2,0,2,0,0,2,1. Rear End,1. No Adverse Condition (Clear/Cloudy),2. Daylight,1. Dry,9. Within Intersection,1. Straight - Level,"2. Blacktop, Asphalt, Bituminous",1. No Defects,"2. Two-Way, Divided, Unprotected Median",4. Four Approaches,3. Traffic Signal,1. Yes - Working,2. No,,,3. No,20. Motor Vehicle In Transport,1. On Roadway,No,No,Belted,No,Yes,No,No,No,No,No,No,No,No,,NOT_RD,VDOT Intersection,No,No,Yes,No,9. Northern Virginia,76,076. Prince William County,"4-Minor Arterial (H,3)",4-Two-Way Divided,Urban,VDOT Secondary,7,1. State Hwy Agency,Northern Virginia,NOVA,R-VA076SC00784EB,5.71,546651.0,41.85,-77.3177128199999,38.63132338,Visible Injury,All Other,All Other
319970,183045091,2018,10/21/2018 4:00:00 AM,49,A,0,1,0,0,1,0,0,1,9. Fixed Object - Off Road,1. No Adverse Condition (Clear/Cloudy),5. Darkness - Road Not Lighted,1. Dry,8. Non-Intersection,2. Curve - Level,"2. Blacktop, Asphalt, Bituminous",1. No Defects,"1. Two-Way, Not Divided",1. Not at Intersection,6. Traffic Lanes Marked,1. Yes - Working,2. No,,,3. No,28. Ran Off Road,2. Shoulder,Yes,No,Belted,No,No,No,Yes,No,No,No,Yes,No,No,,RD_LEFT,Not Intersection,No,No,Yes,Yes,9. Northern Virginia,76,076. Prince William County,"4-Minor Arterial (H,3)",3-Two-Way Undivided,Urban,VDOT Secondary,7,1. State Hwy Agency,Northern Virginia,NOVA,R-VA076SC00621WB,1.63,546141.0,418.46,-77.565930937,38.777840487,Severe Injury,Motorcycle-related,Motorcycle-related
319995,183625316,2018,12/26/2018 5:00:00 AM,1105,B,0,0,2,0,2,0,0,2,1. Rear End,1. No Adverse Condition (Clear/Cloudy),2. Daylight,1. Dry,9. Within Intersection,1. Straight - Level,"2. Blacktop, Asphalt, Bituminous",1. No Defects,"2. Two-Way, Divided, Unprotected Median",3. Three Approaches,3. Traffic Signal,1. Yes - Working,2. No,,,3. No,20. Motor Vehicle In Transport,1. On Roadway,No,No,Belted,No,Yes,No,No,No,No,No,No,No,No,,NOT_RD,VDOT Intersection,Yes,No,Yes,No,9. Northern Virginia,76,076. Prince William County,"3-Principal Arterial - Other (E,2)",4-Two-Way Divided,Urban,VDOT Primary,7,1. State Hwy Agency,Northern Virginia,NOVA,R-VA   US00029SB,215.4,1223229.0,77.97,-77.6625116989999,38.783401671,Visible Injury,All Other,All Other
320052,181065110,2018,4/14/2018 4:00:00 AM,2030,B,0,0,2,0,2,0,0,1,9. Fixed Object - Off Road,1. No Adverse Condition (Clear/Cloudy),5. Darkness - Road Not Lighted,1. Dry,8. Non-Intersection,1. Straight - Level,"2. Blacktop, Asphalt, Bituminous",1. No Defects,"1. Two-Way, Not Divided",1. Not at Intersection,6. Traffic Lanes Marked,1. Yes - Working,2. No,,,3. No,2. Trees,4. Roadside,No,No,Belted,No,Yes,No,No,No,No,No,No,No,No,,NOT_RD,VDOT Intersection,No,No,Yes,Yes,9. Northern Virginia,76,076. Prince William County,"7-Local (J,6)",3-Two-Way Undivided,Urban,VDOT Secondary,7,1. State Hwy Agency,Northern Virginia,NOVA,R-VA076SC01709SB,0.69,547647.0,191.53,-77.614860294,38.865246546,Visible Injury,All Other,All Other
320129,182625333,2018,9/17/2018 4:00:00 AM,1308,B,0,0,1,0,1,0,0,1,6. Fixed Object in Road,5. Rain,2. Daylight,2. Wet,8. Non-Intersection,1. Straight - Level,1. Concrete,1. No Defects,"3. Two-Way, Divided, Positive Median Barrier",1. Not at Intersection,6. Traffic Lanes Marked,1. Yes - Working,2. No,,,3. No,5. Guard Rail,5. Gore,No,No,Belted,No,No,No,No,Yes,No,No,No,No,Yes,10.0,RD_UNKNOWN,Not Intersection,No,No,No,No,9. Northern Virginia,76,076. Prince William County,"1-Interstate (A,1)",1-One-Way Undivided,Urban,VDOT Primary,7,1. State Hwy Agency,Northern Virginia,NOVA,R-VA   US00029NB      RMP219.00A,0.06,,,-77.601340545,38.7987267780001,Visible Injury,All Other,All Other
320143,183625238,2018,12/20/2018 5:00:00 AM,1251,C,0,0,0,2,2,0,0,2,1. Rear End,5. Rain,2. Daylight,2. Wet,8. Non-Intersection,1. Straight - Level,"2. Blacktop, Asphalt, Bituminous",1. No Defects,"3. Two-Way, Divided, Positive Median Barrier",1. Not at Intersection,6. Traffic Lanes Marked,1. Yes - Working,2. No,,,3. No,20. Motor Vehicle In Transport,1. On Roadway,No,No,Belted,No,No,No,No,No,No,No,No,No,No,,NOT_RD,Not Intersection,Yes,No,Yes,No,9. Northern Virginia,76,076. Prince William County,"1-Interstate (A,1)",4-Two-Way Divided,Urban,VDOT Interstate,7,1. State Hwy Agency,Northern Virginia,NOVA,R-VA   IS00095SB,161.11,,,-77.250048361,38.6712402540001,Nonvisible Injury,All Other,All Other
320188,180165633,2018,1/8/2018 5:00:00 AM,1233,B,0,0,1,1,2,0,0,2,2. Angle,1. No Adverse Condition (Clear/Cloudy),1. Dawn,1. Dry,9. Within Intersection,1. Straight - Level,"2. Blacktop, Asphalt, Bituminous",1. No Defects,"3. Two-Way, Divided, Positive Median Barrier",4. Four Approaches,3. Traffic Signal,1. Yes - Working,2. No,,,3. No,20. Motor Vehicle In Transport,1. On Roadway,No,No,Belted,No,No,No,No,No,No,No,No,No,No,,NOT_RD,VDOT Intersection,No,Yes,Yes,No,9. Northern Virginia,76,076. Prince William County,"4-Minor Arterial (H,3)",4-Two-Way Divided,Urban,VDOT Secondary,7,1. State Hwy Agency,Northern Virginia,NOVA,R-VA076SC00642WB,2.18,722783.0,50.34,-77.402690357,38.6691022530001,Visible Injury,All Other,All Other
320189,182745125,2018,9/23/2018 4:00:00 AM,1345,B,0,0,1,0,1,0,0,1,8. Non-Collision,5. Rain,2. Daylight,2. Wet,5. On Entrance/Exit Ramp,4. Grade - Curve,"2. Blacktop, Asphalt, Bituminous",1. No Defects,"4. One-Way, Not Divided",1. Not at Intersection,1. No Traffic Control,6. No Traffic Control Device Present,2. No,,,3. No,28. Ran Off Road,1. On Roadway,No,No,Belted,No,No,No,No,No,No,No,No,No,No,,RD_RIGHT,Not Intersection,No,No,No,No,9. Northern Virginia,76,076. Prince William County,"1-Interstate (A,1)",1-One-Way Undivided,Urban,VDOT Interstate,7,1. State Hwy Agency,Northern Virginia,NOVA,R-VA   IS00066WB      RMP047.00A,0.5,,,-77.520700399,38.8027646840001,Visible Injury,All Other,All Other
320396,182635064,2018,9/17/2018 4:00:00 AM,1815,B,0,0,2,1,3,0,0,2,1. Rear End,5. Rain,2. Daylight,2. Wet,10. Intersection Related - Within 150 Feet,1. Straight - Level,"2. Blacktop, Asphalt, Bituminous",1. No Defects,"3. Two-Way, Divided, Positive Median Barrier",4. Four Approaches,3. Traffic Signal,1. Yes - Working,2. No,,,3. No,20. Motor Vehicle In Transport,1. On Roadway,No,No,Belted,No,No,No,No,No,No,No,No,No,No,,NOT_RD,Not Intersection,No,Yes,Yes,No,9. Northern Virginia,76,076. Prince William County,"3-Principal Arterial - Other (E,2)",4-Two-Way Divided,Urban,VDOT Primary,7,1. State Hwy Agency,Northern Virginia,NOVA,R-VA   US00001SB,172.11,546228.0,296.02,-77.289550479,38.6128522130001,Visible Injury,All Other,All Other
320454,181625110,2018,5/31/2018 4:00:00 AM,952,B,0,0,1,0,1,0,0,2,2. Angle,5. Rain,2. Daylight,2. Wet,9. Within Intersection,1. Straight - Level,"2. Blacktop, Asphalt, Bituminous",1. No Defects,"3. Two-Way, Divided, Positive Median Barrier",4. Four Approaches,3. Traffic Signal,1. Yes - Working,2. No,,,3. No,22. Bicycle,1. On Roadway,No,No,Belted,Yes,No,No,No,No,No,No,No,No,No,,NOT_RD,VDOT Intersection,No,Yes,Yes,No,9. Northern Virginia,76,076. Prince William County,"3-Principal Arterial - Other (E,2)",4-Two-Way Divided,Urban,VDOT Primary,7,1. State Hwy Agency,Northern Virginia,NOVA,R-VA   SR00294EB,12.24,709125.0,118.97,-77.316832808,38.6528861720001,Visible Injury,Bicycle-related,Bicycle-related
320473,182825111,2018,10/7/2018 4:00:00 AM,1030,B,0,0,1,0,1,0,0,2,1. Rear End,1. No Adverse Condition (Clear/Cloudy),2. Daylight,1. Dry,10. Intersection Related - Within 150 Feet,1. Straight - Level,"2. Blacktop, Asphalt, Bituminous",1. No Defects,"3. Two-Way, Divided, Positive Median Barrier",4. Four Approaches,3. Traffic Signal,1. Yes - Working,2. No,,,3. No,20. Motor Vehicle In Transport,1. On Roadway,No,No,Belted,No,No,No,No,No,No,No,No,No,No,,NOT_RD,VDOT Intersection,Yes,No,Yes,No,9. Northern Virginia,76,076. Prince William County,"4-Minor Arterial (H,3)",4-Two-Way Divided,Urban,VDOT Primary,7,1. State Hwy Agency,Northern Virginia,NOVA,R-VA   SR00234NB,25.8,549497.0,59.62,-77.521085281,38.8048340560001,Visible Injury,All Other,All Other
320479,183315147,2018,11/21/2018 5:00:00 AM,1748,B,0,0,1,0,1,0,0,2,2. Angle,1. No Adverse Condition (Clear/Cloudy),4. Darkness - Road Lighted,1. Dry,11. Intersection Related - Outside 150 Feet,1. Straight - Level,"2. Blacktop, Asphalt, Bituminous",1. No Defects,"2. Two-Way, Divided, Unprotected Median",3. Three Approaches,6. Traffic Lanes Marked,1. Yes - Working,2. No,,,3. No,20. Motor Vehicle In Transport,1. On Roadway,No,No,Belted,No,No,No,No,No,No,No,No,No,No,,NOT_RD,VDOT Intersection,Yes,No,Yes,Yes,9. Northern Virginia,76,076. Prince William County,"3-Principal Arterial - Other (E,2)",4-Two-Way Divided,Urban,VDOT Primary,7,1. State Hwy Agency,Northern Virginia,NOVA,R-VA   US00001NB,175.91,549280.0,174.68,-77.249933619,38.65778428,Visible Injury,All Other,All Other
320599,180425058,2018,2/10/2018 5:00:00 AM,1156,C,0,0,0,1,1,0,0,2,2. Angle,5. Rain,2. Daylight,2. Wet,8. Non-Intersection,1. Straight - Level,"2. Blacktop, Asphalt, Bituminous",1. No Defects,"3. Two-Way, Divided, Positive Median Barrier",1. Not at Intersection,6. Traffic Lanes Marked,1. Yes - Working,2. No,,,3. No,20. Motor Vehicle In Transport,1. On Roadway,No,No,Belted,No,No,No,No,No,No,No,No,No,Yes,17.0,NOT_RD,Not Intersection,No,No,Yes,No,9. Northern Virginia,76,076. Prince William County,"1-Interstate (A,1)",4-Two-Way Divided,Rural,VDOT Interstate,7,1. State Hwy Agency,Northern Virginia,NOVA,R-VA   IS00066EB,37.06,,,-77.701423131,38.8244474150001,Nonvisible Injury,All Other,All Other
320734,181285089,2018,5/5/2018 4:00:00 AM,1833,B,0,0,1,1,2,0,0,2,2. Angle,1. No Adverse Condition (Clear/Cloudy),2. Daylight,1. Dry,1. Main-Line Roadway,1. Straight - Level,"2. Blacktop, Asphalt, Bituminous",1. No Defects,"2. Two-Way, Divided, Unprotected Median",4. Four Approaches,3. Traffic Signal,1. Yes - Working,2. No,,,3. No,20. Motor Vehicle In Transport,1. On Roadway,No,No,Belted,No,No,No,No,No,No,No,No,No,No,,NOT_RD,VDOT Intersection,No,No,Yes,No,9. Northern Virginia,76,076. Prince William County,"4-Minor Arterial (H,3)",4-Two-Way Divided,Urban,VDOT Secondary,7,1. State Hwy Agency,Northern Virginia,NOVA,R-VA076SC00641WB,3.64,548863.0,69.64,-77.2769746549999,38.6776702980001,Visible Injury,All Other,All Other
320765,181135061,2018,4/16/2018 4:00:00 AM,1017,B,0,0,2,0,2,0,0,2,9. Fixed Object - Off Road,5. Rain,2. Daylight,2. Wet,8. Non-Intersection,4. Grade - Curve,"2. Blacktop, Asphalt, Bituminous",1. No Defects,"2. Two-Way, Divided, Unprotected Median",1. Not at Intersection,1. No Traffic Control,6. No Traffic Control Device Present,2. No,,,3. No,"7. Tunnel, Bridge, Underpass, Culvert, etc.",1. On Roadway,No,No,Belted,No,No,No,No,Yes,No,No,No,No,No,,RD_UNKNOWN,Not Intersection,No,Yes,Yes,No,9. Northern Virginia,76,076. Prince William County,"5-Major Collector (I,4)",3-Two-Way Undivided,Urban,VDOT Secondary,7,1. State Hwy Agency,Northern Virginia,NOVA,R-VA076SC01781SB,1.21,,,-77.287415569,38.644232061,Visible Injury,All Other,All Other
320835,182475149,2018,9/1/2018 4:00:00 AM,330,B,0,0,1,0,1,0,0,2,1. Rear End,1. No Adverse Condition (Clear/Cloudy),1. Dawn,1. Dry,1. Main-Line Roadway,1. Straight - Level,"2. Blacktop, Asphalt, Bituminous",1. No Defects,"2. Two-Way, Divided, Unprotected Median",4. Four Approaches,3. Traffic Signal,1. Yes - Working,2. No,,,3. No,20. Motor Vehicle In Transport,1. On Roadway,No,No,Belted,No,No,No,No,No,No,No,No,No,Yes,10.0,NOT_RD,VDOT Intersection,No,No,Yes,No,9. Northern Virginia,76,076. Prince William County,"3-Principal Arterial - Other (E,2)",4-Two-Way Divided,Urban,VDOT Primary,7,1. State Hwy Agency,Northern Virginia,NOVA,R-VA   US00001SB,175.43,547021.0,87.34,-77.2561317409999,38.65241352,Visible Injury,All Other,All Other
320887,182735255,2018,9/29/2018 4:00:00 AM,332,B,0,0,1,0,1,0,0,2,1. Rear End,1. No Adverse Condition (Clear/Cloudy),4. Darkness - Road Lighted,1. Dry,8. Non-Intersection,1. Straight - Level,"2. Blacktop, Asphalt, Bituminous",1. No Defects,"3. Two-Way, Divided, Positive Median Barrier",1. Not at Intersection,6. Traffic Lanes Marked,1. Yes - Working,2. No,,,3. No,20. Motor Vehicle In Transport,1. On Roadway,Yes,No,Belted,No,No,No,No,Yes,No,No,No,No,Yes,20.0,NOT_RD,Not Intersection,No,No,Yes,Yes,9. Northern Virginia,76,076. Prince William County,"1-Interstate (A,1)",4-Two-Way Divided,Rural,VDOT Interstate,7,1. State Hwy Agency,Northern Virginia,NOVA,R-VA   IS00066WB,44.93,,,-77.5655348239999,38.7985138390001,Visible Injury,All Other,All Other
320924,183095107,2018,9/25/2018 4:00:00 AM,1810,A,0,4,0,0,4,0,0,2,3. Head On,1. No Adverse Condition (Clear/Cloudy),2. Daylight,1. Dry,8. Non-Intersection,4. Grade - Curve,"2. Blacktop, Asphalt, Bituminous",1. No Defects,"2. Two-Way, Divided, Unprotected Median",1. Not at Intersection,6. Traffic Lanes Marked,1. Yes - Working,2. No,,,3. No,20. Motor Vehicle In Transport,3. Median,No,No,Unbelted,No,Yes,No,No,No,No,No,No,No,Yes,5.0,RD_UNKNOWN,Not Intersection,No,No,Yes,No,9. Northern Virginia,76,076. Prince William County,"5-Major Collector (I,4)",4-Two-Way Divided,Urban,VDOT Secondary,7,1. State Hwy Agency,Northern Virginia,NOVA,R-VA076SC03300NB,1.05,,,-77.354285052,38.6719687610001,Severe Injury,All Other,All Other
321139,181275111,2018,4/25/2018 4:00:00 AM,1034,B,0,0,2,0,2,0,0,2,2. Angle,5. Rain,2. Daylight,2. Wet,9. Within Intersection,1. Straight - Level,"2. Blacktop, Asphalt, Bituminous",1. No Defects,"3. Two-Way, Divided, Positive Median Barrier",4. Four Approaches,3. Traffic Signal,1. Yes - Working,2. No,,,3. No,20. Motor Vehicle In Transport,1. On Roadway,No,No,Belted,No,No,No,No,No,No,No,No,No,No,,NOT_RD,VDOT Intersection,No,Yes,Yes,No,9. Northern Virginia,76,076. Prince William County,"4-Minor Arterial (H,3)",4-Two-Way Divided,Urban,VDOT Secondary,7,1. State Hwy Agency,Northern Virginia,NOVA,R-VA076SC00784WB,6.55,546648.0,84.5,-77.303116431,38.6275063470001,Visible Injury,All Other,All Other
321597,182405108,2018,8/22/2018 4:00:00 AM,813,B,0,0,1,2,3,0,0,2,2. Angle,1. No Adverse Condition (Clear/Cloudy),2. Daylight,1. Dry,9. Within Intersection,1. Straight - Level,"2. Blacktop, Asphalt, Bituminous",1. No Defects,"2. Two-Way, Divided, Unprotected Median",4. Four Approaches,4. Stop Sign,1. Yes - Working,2. No,,,3. No,20. Motor Vehicle In Transport,1. On Roadway,No,No,Belted,No,No,No,No,No,No,No,No,No,No,,NOT_RD,VDOT Intersection,No,No,Yes,No,9. Northern Virginia,76,076. Prince William County,"4-Minor Arterial (H,3)",4-Two-Way Divided,Urban,VDOT Secondary,7,1. State Hwy Agency,Northern Virginia,NOVA,R-VA076SC00642EB,3.12,749574.0,5.2,-77.38649609,38.6739465270001,Visible Injury,All Other,All Other
321616,183235164,2018,11/16/2018 5:00:00 AM,1650,B,0,0,1,0,1,0,0,2,2. Angle,1. No Adverse Condition (Clear/Cloudy),2. Daylight,1. Dry,9. Within Intersection,1. Straight - Level,"2. Blacktop, Asphalt, Bituminous",1. No Defects,"2. Two-Way, Divided, Unprotected Median",4. Four Approaches,3. Traffic Signal,1. Yes - Working,2. No,,,3. No,20. Motor Vehicle In Transport,1. On Roadway,No,No,Belted,No,No,No,No,No,No,No,No,No,No,,NOT_RD,VDOT Intersection,No,No,Yes,No,9. Northern Virginia,76,076. Prince William County,"3-Principal Arterial - Other (E,2)",4-Two-Way Divided,Urban,VDOT Primary,7,1. State Hwy Agency,Northern Virginia,NOVA,R-VA   SR00234SB,7.84,746002.0,81.53,-77.4285345879999,38.6343634900001,Visible Injury,All Other,All Other
321637,182485176,2018,8/27/2018 4:00:00 AM,1658,B,0,0,1,0,1,0,0,2,2. Angle,1. No Adverse Condition (Clear/Cloudy),2. Daylight,1. Dry,1. Main-Line Roadway,1. Straight - Level,"2. Blacktop, Asphalt, Bituminous",1. No Defects,"3. Two-Way, Divided, Positive Median Barrier",4. Four Approaches,3. Traffic Signal,1. Yes - Working,2. No,,,3. No,20. Motor Vehicle In Transport,1. On Roadway,No,No,Belted,No,No,No,No,No,No,No,No,No,No,,NOT_RD,VDOT Intersection,No,No,Yes,No,9. Northern Virginia,76,076. Prince William County,"5-Major Collector (I,4)",4-Two-Way Divided,Urban,VDOT Secondary,7,1. State Hwy Agency,Northern Virginia,NOVA,R-VA076SC00674EB,4.88,722677.0,0.0,-77.5346798959999,38.7665672420001,Visible Injury,All Other,All Other
321940,181785243,2018,6/22/2018 4:00:00 AM,1552,B,0,0,2,0,2,0,0,3,2. Angle,5. Rain,2. Daylight,2. Wet,1. Main-Line Roadway,1. Straight - Level,"2. Blacktop, Asphalt, Bituminous",1. No Defects,"1. Two-Way, Not Divided",3. Three Approaches,3. Traffic Signal,1. Yes - Working,2. No,,,3. No,20. Motor Vehicle In Transport,1. On Roadway,No,No,Belted,No,No,No,No,No,No,No,No,No,No,,NOT_RD,VDOT Intersection,No,No,Yes,No,9. Northern Virginia,76,076. Prince William County,"5-Major Collector (I,4)",3-Two-Way Undivided,Rural,VDOT Primary,7,1. State Hwy Agency,Northern Virginia,NOVA,R-VA   SR00234NB,29.03,546366.0,5.51,-77.545170985,38.8450672720001,Visible Injury,All Other,All Other
322155,182395154,2018,8/19/2018 4:00:00 AM,1800,B,0,0,1,1,2,0,0,2,1. Rear End,1. No Adverse Condition (Clear/Cloudy),2. Daylight,1. Dry,10. Intersection Related - Within 150 Feet,1. Straight - Level,"2. Blacktop, Asphalt, Bituminous",1. No Defects,"3. Two-Way, Divided, Positive Median Barrier",4. Four Approaches,3. Traffic Signal,1. Yes - Working,2. No,,,3. No,20. Motor Vehicle In Transport,1. On Roadway,No,No,Belted,No,No,No,No,No,No,No,No,No,No,,NOT_RD,VDOT Intersection,No,Yes,Yes,No,9. Northern Virginia,76,076. Prince William County,"3-Principal Arterial - Other (E,2)",4-Two-Way Divided,Urban,VDOT Primary,7,1. State Hwy Agency,Northern Virginia,NOVA,R-VA   SR00123SB,0.97,546572.0,86.86,-77.254650262,38.674326331,Visible Injury,All Other,All Other
322156,190225057,2018,12/31/2018 5:00:00 AM,1130,B,0,0,1,0,1,0,0,4,1. Rear End,5. Rain,2. Daylight,2. Wet,1. Main-Line Roadway,1. Straight - Level,"2. Blacktop, Asphalt, Bituminous",1. No Defects,"3. Two-Way, Divided, Positive Median Barrier",4. Four Approaches,3. Traffic Signal,1. Yes - Working,2. No,,,3. No,20. Motor Vehicle In Transport,1. On Roadway,No,No,Belted,No,No,No,No,No,No,No,No,No,No,,NOT_RD,VDOT Intersection,Yes,Yes,Yes,No,9. Northern Virginia,76,076. Prince William County,"4-Minor Arterial (H,3)",4-Two-Way Divided,Urban,VDOT Secondary,7,1. State Hwy Agency,Northern Virginia,NOVA,R-VA076SC00641EB,0.92,546284.0,82.66,-77.3228211109999,38.6800638170001,Visible Injury,All Other,All Other
322247,181245175,2018,4/20/2018 4:00:00 AM,2015,A,0,1,0,0,1,0,0,2,4. Sideswipe - Same Direction,1. No Adverse Condition (Clear/Cloudy),4. Darkness - Road Lighted,1. Dry,8. Non-Intersection,1. Straight - Level,"2. Blacktop, Asphalt, Bituminous",1. No Defects,"3. Two-Way, Divided, Positive Median Barrier",1. Not at Intersection,17. Highway Safety Corridor,1. Yes - Working,2. No,,,3. No,30. Overturn (Rollover),1. On Roadway,Yes,No,Belted,No,No,No,No,No,No,No,No,No,Yes,10.0,NOT_RD,Not Intersection,No,No,Yes,Yes,9. Northern Virginia,76,076. Prince William County,"1-Interstate (A,1)",4-Two-Way Divided,Urban,VDOT Interstate,7,1. State Hwy Agency,Northern Virginia,NOVA,R-VA   IS00095NB,154.48,,,-77.314304851,38.5975358650001,Severe Injury,All Other,All Other
322299,181155293,2018,4/25/2018 4:00:00 AM,1110,B,0,0,2,0,2,0,0,4,1. Rear End,5. Rain,2. Daylight,2. Wet,8. Non-Intersection,3. Grade - Straight,"2. Blacktop, Asphalt, Bituminous",1. No Defects,"3. Two-Way, Divided, Positive Median Barrier",1. Not at Intersection,3. Traffic Signal,1. Yes - Working,2. No,,,3. No,20. Motor Vehicle In Transport,1. On Roadway,No,No,Belted,No,No,No,No,No,No,No,No,No,No,,NOT_RD,VDOT Intersection,No,Yes,Yes,No,9. Northern Virginia,76,076. Prince William County,"4-Minor Arterial (H,3)",4-Two-Way Divided,Urban,VDOT Secondary,7,1. State Hwy Agency,Northern Virginia,NOVA,R-VA076SC02000EB,4.36,1234265.0,203.14,-77.288225778,38.6356686930001,Visible Injury,All Other,All Other
322322,180545183,2018,2/15/2018 5:00:00 AM,2121,C,0,0,0,1,1,0,0,3,1. Rear End,1. No Adverse Condition (Clear/Cloudy),4. Darkness - Road Lighted,1. Dry,9. Within Intersection,1. Straight - Level,"2. Blacktop, Asphalt, Bituminous",1. No Defects,"2. Two-Way, Divided, Unprotected Median",4. Four Approaches,3. Traffic Signal,1. Yes - Working,2. No,,,3. No,20. Motor Vehicle In Transport,1. On Roadway,No,No,Belted,No,Yes,No,No,No,No,No,No,No,Yes,5.0,NOT_RD,VDOT Intersection,No,No,Yes,Yes,9. Northern Virginia,76,076. Prince William County,6-Minor Collector (5),3-Two-Way Undivided,Urban,VDOT Secondary,7,1. State Hwy Agency,Northern Virginia,NOVA,R-VA076SC02101NB,0.49,546274.0,60.05,-77.2787034359999,38.677510011,Nonvisible Injury,All Other,All Other
322386,180605061,2018,2/26/2018 5:00:00 AM,1707,C,0,0,0,3,3,0,0,3,1. Rear End,1. No Adverse Condition (Clear/Cloudy),2. Daylight,1. Dry,8. Non-Intersection,4. Grade - Curve,"2. Blacktop, Asphalt, Bituminous",1. No Defects,"2. Two-Way, Divided, Unprotected Median",1. Not at Intersection,3. Traffic Signal,1. Yes - Working,2. No,,,3. No,20. Motor Vehicle In Transport,1. On Roadway,No,No,Belted,No,Yes,No,No,No,No,No,No,No,No,,NOT_RD,Not Intersection,Yes,No,Yes,No,9. Northern Virginia,76,076. Prince William County,"4-Minor Arterial (H,3)",3-Two-Way Undivided,Urban,VDOT Secondary,7,1. State Hwy Agency,Northern Virginia,NOVA,R-VA076SC00621WB,0.28,,,-77.574832436,38.7605259630001,Nonvisible Injury,All Other,All Other
322490,181315103,2018,5/10/2018 4:00:00 AM,1725,B,0,0,1,0,1,0,0,2,2. Angle,1. No Adverse Condition (Clear/Cloudy),2. Daylight,1. Dry,9. Within Intersection,1. Straight - Level,"2. Blacktop, Asphalt, Bituminous",1. No Defects,"2. Two-Way, Divided, Unprotected Median",3. Three Approaches,1. No Traffic Control,6. No Traffic Control Device Present,2. No,,,3. No,20. Motor Vehicle In Transport,1. On Roadway,No,No,Belted,No,No,No,No,No,No,No,No,No,No,,NOT_RD,VDOT Intersection,No,No,Yes,No,9. Northern Virginia,76,076. Prince William County,6-Minor Collector (5),3-Two-Way Undivided,Urban,VDOT Secondary,7,1. State Hwy Agency,Northern Virginia,NOVA,R-VA076SC01780EB,0.14,711601.0,0.0,-77.298381937,38.635341397,Visible Injury,All Other,All Other
322538,182555086,2018,8/12/2018 4:00:00 AM,1610,B,0,0,2,0,2,0,0,2,2. Angle,5. Rain,2. Daylight,2. Wet,9. Within Intersection,1. Straight - Level,"2. Blacktop, Asphalt, Bituminous",1. No Defects,"3. Two-Way, Divided, Positive Median Barrier",4. Four Approaches,4. Stop Sign,1. Yes - Working,2. No,,,3. No,20. Motor Vehicle In Transport,1. On Roadway,No,No,Belted,No,No,No,No,No,No,Yes,No,No,No,,NOT_RD,VDOT Intersection,Yes,No,Yes,No,9. Northern Virginia,76,076. Prince William County,"3-Principal Arterial - Other (E,2)",4-Two-Way Divided,Urban,VDOT Primary,7,1. State Hwy Agency,Northern Virginia,NOVA,R-VA   SR00234NB,10.3,1093814.0,82.15,-77.43897571,38.6638336570001,Visible Injury,All Other,All Other
322569,181285091,2018,5/5/2018 4:00:00 AM,2147,B,0,0,1,1,2,0,0,1,9. Fixed Object - Off Road,5. Rain,5. Darkness - Road Not Lighted,2. Wet,8. Non-Intersection,2. Curve - Level,"2. Blacktop, Asphalt, Bituminous",1. No Defects,"1. Two-Way, Not Divided",1. Not at Intersection,1. No Traffic Control,6. No Traffic Control Device Present,2. No,,,3. No,2. Trees,1. On Roadway,No,No,Unbelted,No,No,No,No,No,No,No,No,No,Yes,25.0,RD_LEFT,Not Intersection,No,Yes,Yes,Yes,9. Northern Virginia,76,076. Prince William County,"7-Local (J,6)",3-Two-Way Undivided,Rural,VDOT Secondary,7,1. State Hwy Agency,Northern Virginia,NOVA,R-VA076SC00600NB,2.42,,,-77.669215249,38.886420909,Visible Injury,All Other,All Other
322580,182345152,2018,7/24/2018 4:00:00 AM,1730,K,1,0,2,0,2,0,0,3,2. Angle,1. No Adverse Condition (Clear/Cloudy),2. Daylight,1. Dry,9. Within Intersection,3. Grade - Straight,"2. Blacktop, Asphalt, Bituminous",1. No Defects,"2. Two-Way, Divided, Unprotected Median",4. Four Approaches,4. Stop Sign,1. Yes - Working,2. No,,,3. No,20. Motor Vehicle In Transport,1. On Roadway,No,No,Belted,No,Yes,No,No,No,No,No,No,No,Yes,7.0,NOT_RD,VDOT Intersection,Yes,Yes,Yes,No,9. Northern Virginia,76,076. Prince William County,"7-Local (J,6)",4-Two-Way Divided,Urban,VDOT Secondary,7,1. State Hwy Agency,Northern Virginia,NOVA,R-VA076SC03500EB,1.48,749538.0,26.94,-77.605375677,38.7660311870001,Fatal Injury,All Other,All Other