OBJECTID,Document Nbr,Crash Year,Crash Date,Crash Military Time,Crash Severity,K_People,A_People,B_People,C_People,Persons Injured,Pedestrians Killed,Pedestrians Injured,Vehicle Count,Collision Type,Weather Condition,Light Condition,Roadway Surface Condition,Relation To Roadway,Roadway Alignment,Roadway Surface Type,Roadway Defect,Roadway Description,Intersection Type,Traffic Control Type,Traffic Control Status,Work Zone Related,Work Zone Location,Work Zone Type,School Zone,First Harmful Event,First Harmful Event Loc,Alcohol?,Animal Related?,Unrestrained?,Bike?,Distracted?,Drowsy?,Drug Related?,Guardrail Related?,Hitrun?,Lgtruck?,Motorcycle?,Pedestrian?,Speed?,Max Speed Diff,RoadDeparture Type,Intersection Analysis,Senior?,Young?,Mainline?,Night?,VDOT District,Juris Code,Physical Juris Name,Functional Class,Facility Type,Area Type,SYSTEM,VSP,Ownership,Planning District,MPO Name,RTE Name,RNS MP,Node,Node Offset (ft),x,y,Crash_Severity,type_severity,Type_severity
331909,183485169,2018,12/13/2018 5:00:00 AM,911,C,0,0,0,1,1,0,0,1,9. Fixed Object - Off Road,1. No Adverse Condition (Clear/Cloudy),2. Daylight,1. Dry,1. Main-Line Roadway,2. Curve - Level,"2. Blacktop, Asphalt, Bituminous",1. No Defects,"1. Two-Way, Not Divided",1. Not at Intersection,6. Traffic Lanes Marked,1. Yes - Working,2. No,,,3. No,15. Other Fixed Object,2. Shoulder,No,No,Belted,No,Yes,Yes,No,No,No,No,No,No,No,,NOT_RD,VDOT Intersection,No,Yes,Yes,No,9. Northern Virginia,76,076. Prince William County,"5-Major Collector (I,4)",4-Two-Way Divided,Urban,VDOT Secondary,7,1. State Hwy Agency,Northern Virginia,NOVA,R-VA076SC00663EB,3.99,546046.0,83.59,-77.362552074,38.691365794,Nonvisible Injury,All Other,All Other
331968,182155067,2018,8/2/2018 4:00:00 AM,1400,B,0,0,1,1,2,0,0,2,3. Head On,1. No Adverse Condition (Clear/Cloudy),2. Daylight,1. Dry,11. Intersection Related - Outside 150 Feet,1. Straight - Level,"2. Blacktop, Asphalt, Bituminous",1. No Defects,"1. Two-Way, Not Divided",2. Two Approaches,1. No Traffic Control,6. No Traffic Control Device Present,2. No,,,3. No,20. Motor Vehicle In Transport,1. On Roadway,No,No,Belted,No,Yes,No,No,No,No,No,No,No,No,,NOT_RD,VDOT Intersection,No,No,Yes,No,9. Northern Virginia,76,076. Prince William County,"7-Local (J,6)",3-Two-Way Undivided,Urban,VDOT Secondary,7,1. State Hwy Agency,Northern Virginia,NOVA,R-VA076SC01349EB,0.44,547119.0,84.04,-77.2733034569999,38.6459765290001,Visible Injury,All Other,All Other
332041,181025122,2018,4/4/2018 4:00:00 AM,1520,A,0,1,0,0,1,0,0,2,16. Other,1. No Adverse Condition (Clear/Cloudy),2. Daylight,1. Dry,1. Main-Line Roadway,1. Straight - Level,"2. Blacktop, Asphalt, Bituminous",1. No Defects,"3. Two-Way, Divided, Positive Median Barrier",1. Not at Intersection,6. Traffic Lanes Marked,1. Yes - Working,2. No,,,3. No,20. Motor Vehicle In Transport,1. On Roadway,No,No,Belted,No,No,No,No,No,No,No,Yes,No,No,,NOT_RD,VDOT Intersection,No,Yes,Yes,No,9. Northern Virginia,76,076. Prince William County,"4-Minor Arterial (H,3)",4-Two-Way Divided,Urban,VDOT Primary,7,1. State Hwy Agency,Northern Virginia,NOVA,R-VA   SR00028SB,18.32,1000581.0,95.5,-77.552956589,38.7252128960001,Severe Injury,Motorcycle-related,Motorcycle-related
332089,181975103,2018,7/12/2018 4:00:00 AM,2137,B,0,0,1,1,2,0,0,2,2. Angle,1. No Adverse Condition (Clear/Cloudy),4. Darkness - Road Lighted,1. Dry,1. Main-Line Roadway,1. Straight - Level,"2. Blacktop, Asphalt, Bituminous",1. No Defects,"2. Two-Way, Divided, Unprotected Median",4. Four Approaches,3. Traffic Signal,1. Yes - Working,2. No,,,3. No,20. Motor Vehicle In Transport,1. On Roadway,No,No,Belted,No,No,No,No,No,No,No,No,No,No,,NOT_RD,VDOT Intersection,No,Yes,Yes,Yes,9. Northern Virginia,76,076. Prince William County,"4-Minor Arterial (H,3)",4-Two-Way Divided,Urban,VDOT Primary,7,1. State Hwy Agency,Northern Virginia,NOVA,R-VA   SR00234SBBUS001,6.21,547483.0,99.6,-77.514146941,38.787580846,Visible Injury,All Other,All Other
332097,182005082,2018,7/18/2018 4:00:00 AM,1930,B,0,0,1,0,1,0,0,2,2. Angle,1. No Adverse Condition (Clear/Cloudy),2. Daylight,1. Dry,9. Within Intersection,1. Straight - Level,"2. Blacktop, Asphalt, Bituminous",1. No Defects,"3. Two-Way, Divided, Positive Median Barrier",4. Four Approaches,3. Traffic Signal,1. Yes - Working,2. No,,,3. No,20. Motor Vehicle In Transport,1. On Roadway,No,No,Belted,No,No,No,No,No,No,No,No,No,No,,NOT_RD,VDOT Intersection,No,No,Yes,No,9. Northern Virginia,76,076. Prince William County,"4-Minor Arterial (H,3)",4-Two-Way Divided,Urban,VDOT Secondary,7,1. State Hwy Agency,Northern Virginia,NOVA,R-VA076SC00640EB,8.28,735539.0,18.92,-77.2790085619999,38.6730480940001,Visible Injury,All Other,All Other
332245,180755136,2018,3/15/2018 4:00:00 AM,738,B,0,0,2,0,2,0,0,2,2. Angle,1. No Adverse Condition (Clear/Cloudy),2. Daylight,1. Dry,9. Within Intersection,1. Straight - Level,"2. Blacktop, Asphalt, Bituminous",1. No Defects,"3. Two-Way, Divided, Positive Median Barrier",4. Four Approaches,3. Traffic Signal,1. Yes - Working,2. No,,,3. No,20. Motor Vehicle In Transport,1. On Roadway,No,No,Belted,No,No,No,No,No,No,No,No,No,No,,NOT_RD,VDOT Intersection,No,No,Yes,No,9. Northern Virginia,76,076. Prince William County,"4-Minor Arterial (H,3)",4-Two-Way Divided,Urban,VDOT Secondary,7,1. State Hwy Agency,Northern Virginia,NOVA,R-VA076SC00641EB,3.64,548863.0,28.7,-77.276971584,38.6774940700001,Visible Injury,All Other,All Other
332250,180965161,2018,4/5/2018 4:00:00 AM,1541,B,0,0,1,0,1,0,0,2,2. Angle,1. No Adverse Condition (Clear/Cloudy),2. Daylight,1. Dry,1. Main-Line Roadway,1. Straight - Level,"2. Blacktop, Asphalt, Bituminous",1. No Defects,"1. Two-Way, Not Divided",1. Not at Intersection,6. Traffic Lanes Marked,1. Yes - Working,2. No,,,3. No,20. Motor Vehicle In Transport,1. On Roadway,No,No,Belted,No,No,No,No,No,No,No,Yes,No,No,,NOT_RD,Not Intersection,No,No,Yes,No,9. Northern Virginia,76,076. Prince William County,"5-Major Collector (I,4)",3-Two-Way Undivided,Urban,VDOT Secondary,7,1. State Hwy Agency,Northern Virginia,NOVA,R-VA076SC00636WB,0.55,548770.0,329.05,-77.268393599,38.6362293440001,Visible Injury,Motorcycle-related,Motorcycle-related
332271,181515089,2018,5/27/2018 4:00:00 AM,1543,B,0,0,1,0,1,0,0,2,1. Rear End,1. No Adverse Condition (Clear/Cloudy),2. Daylight,1. Dry,9. Within Intersection,1. Straight - Level,"2. Blacktop, Asphalt, Bituminous",1. No Defects,"1. Two-Way, Not Divided",4. Four Approaches,3. Traffic Signal,1. Yes - Working,2. No,,,3. No,20. Motor Vehicle In Transport,1. On Roadway,No,No,Belted,No,No,No,No,No,No,No,No,No,No,,NOT_RD,VDOT Intersection,No,No,Yes,No,9. Northern Virginia,76,076. Prince William County,"5-Major Collector (I,4)",3-Two-Way Undivided,Urban,VDOT Secondary,7,1. State Hwy Agency,Northern Virginia,NOVA,R-VA076SC00638WB,1.84,546228.0,79.51,-77.28944331,38.612045483,Visible Injury,All Other,All Other
332298,183315116,2018,11/19/2018 5:00:00 AM,2030,B,0,0,2,1,3,0,0,3,1. Rear End,1. No Adverse Condition (Clear/Cloudy),3. Dusk,1. Dry,10. Intersection Related - Within 150 Feet,1. Straight - Level,"2. Blacktop, Asphalt, Bituminous",1. No Defects,"3. Two-Way, Divided, Positive Median Barrier",4. Four Approaches,3. Traffic Signal,1. Yes - Working,2. No,,,3. No,20. Motor Vehicle In Transport,1. On Roadway,No,No,Belted,No,Yes,No,No,No,No,No,No,No,No,,NOT_RD,VDOT Intersection,No,No,Yes,No,9. Northern Virginia,76,076. Prince William County,"3-Principal Arterial - Other (E,2)",4-Two-Way Divided,Urban,VDOT Primary,7,1. State Hwy Agency,Northern Virginia,NOVA,R-VA   SR00294EB,15.18,729603.0,90.05,-77.272308097,38.654745323,Visible Injury,All Other,All Other
332307,180825094,2018,3/20/2018 4:00:00 AM,1745,B,0,0,2,0,2,0,0,2,1. Rear End,5. Rain,2. Daylight,2. Wet,8. Non-Intersection,3. Grade - Straight,"2. Blacktop, Asphalt, Bituminous",1. No Defects,"2. Two-Way, Divided, Unprotected Median",1. Not at Intersection,6. Traffic Lanes Marked,1. Yes - Working,2. No,,,3. No,20. Motor Vehicle In Transport,1. On Roadway,No,No,Belted,No,No,No,No,No,No,No,No,No,No,,NOT_RD,Not Intersection,No,No,Yes,No,9. Northern Virginia,76,076. Prince William County,"5-Major Collector (I,4)",3-Two-Way Undivided,Urban,VDOT Secondary,7,1. State Hwy Agency,Northern Virginia,NOVA,R-VA076SC01826WB,0.73,547806.0,451.17,-77.341895257,38.634035543,Visible Injury,All Other,All Other
332340,183045093,2018,10/20/2018 4:00:00 AM,1142,C,0,0,0,2,2,0,0,2,1. Rear End,1. No Adverse Condition (Clear/Cloudy),2. Daylight,1. Dry,9. Within Intersection,5. Hillcrest - Straight,"2. Blacktop, Asphalt, Bituminous",1. No Defects,"3. Two-Way, Divided, Positive Median Barrier",3. Three Approaches,3. Traffic Signal,1. Yes - Working,2. No,,,3. No,20. Motor Vehicle In Transport,1. On Roadway,No,No,Belted,No,No,No,No,No,No,No,No,No,No,,NOT_RD,VDOT Intersection,No,No,Yes,No,9. Northern Virginia,76,076. Prince William County,"4-Minor Arterial (H,3)",4-Two-Way Divided,Urban,VDOT Secondary,7,1. State Hwy Agency,Northern Virginia,NOVA,R-VA076SC00640EB,4.66,1281758.0,96.46,-77.334128052,38.6470266810001,Nonvisible Injury,All Other,All Other
332506,182185009,2018,8/3/2018 4:00:00 AM,1324,B,0,0,2,0,2,0,0,2,4. Sideswipe - Same Direction,1. No Adverse Condition (Clear/Cloudy),2. Daylight,1. Dry,8. Non-Intersection,1. Straight - Level,"2. Blacktop, Asphalt, Bituminous",1. No Defects,"3. Two-Way, Divided, Positive Median Barrier",1. Not at Intersection,6. Traffic Lanes Marked,1. Yes - Working,2. No,,,3. No,20. Motor Vehicle In Transport,1. On Roadway,No,No,Belted,No,No,No,No,No,No,No,No,No,No,,NOT_RD,Not Intersection,No,No,Yes,No,9. Northern Virginia,76,076. Prince William County,"1-Interstate (A,1)",4-Two-Way Divided,Urban,VDOT Interstate,7,1. State Hwy Agency,Northern Virginia,NOVA,R-VA   IS00095NB,161.03,,,-77.250921666,38.6706619030001,Visible Injury,All Other,All Other
332512,180645124,2018,3/3/2018 5:00:00 AM,1512,C,0,0,0,1,1,0,0,2,1. Rear End,11. Severe Crosswinds,2. Daylight,1. Dry,9. Within Intersection,1. Straight - Level,"2. Blacktop, Asphalt, Bituminous",1. No Defects,"2. Two-Way, Divided, Unprotected Median",4. Four Approaches,3. Traffic Signal,3. Yes - Not Working,2. No,,,3. No,20. Motor Vehicle In Transport,1. On Roadway,No,No,Belted,No,No,No,No,No,No,No,No,No,No,,NOT_RD,VDOT Intersection,Yes,No,Yes,No,9. Northern Virginia,76,076. Prince William County,"4-Minor Arterial (H,3)",4-Two-Way Divided,Urban,VDOT Secondary,7,1. State Hwy Agency,Northern Virginia,NOVA,R-VA076SC00640EB,6.43,719657.0,46.52,-77.304377281,38.656441742,Nonvisible Injury,All Other,All Other
332524,181585185,2018,6/5/2018 4:00:00 AM,1525,B,0,0,1,0,1,0,0,1,9. Fixed Object - Off Road,1. No Adverse Condition (Clear/Cloudy),2. Daylight,8. Natural Debris,8. Non-Intersection,1. Straight - Level,"4. Slag, Gravel, Stone",5. Loose Material,"1. Two-Way, Not Divided",1. Not at Intersection,1. No Traffic Control,6. No Traffic Control Device Present,2. No,,,3. No,2. Trees,1. On Roadway,No,Yes,Belted,No,No,No,No,No,No,No,No,No,No,,RD_UNKNOWN,Not Intersection,No,Yes,Yes,No,9. Northern Virginia,76,076. Prince William County,"7-Local (J,6)",3-Two-Way Undivided,Rural,VDOT Secondary,7,1. State Hwy Agency,Northern Virginia,NOVA,R-VA076SC00680WB,0.07,546002.0,343.65,-77.6828140979999,38.8694934270001,Visible Injury,All Other,All Other
332572,180265089,2018,1/24/2018 5:00:00 AM,1103,B,0,0,2,0,2,0,0,2,2. Angle,1. No Adverse Condition (Clear/Cloudy),2. Daylight,1. Dry,9. Within Intersection,1. Straight - Level,"2. Blacktop, Asphalt, Bituminous",1. No Defects,"1. Two-Way, Not Divided",4. Four Approaches,6. Traffic Lanes Marked,1. Yes - Working,2. No,,,3. No,20. Motor Vehicle In Transport,1. On Roadway,No,No,Belted,No,No,No,No,No,No,No,No,No,No,,NOT_RD,VDOT Intersection,Yes,No,Yes,No,9. Northern Virginia,76,076. Prince William County,6-Minor Collector (5),3-Two-Way Undivided,Urban,VDOT Secondary,7,1. State Hwy Agency,Northern Virginia,NOVA,R-VA076SC01780WB,0.14,711601.0,39.83,-77.298243188,38.635330599,Visible Injury,All Other,All Other
332585,182545069,2018,9/6/2018 4:00:00 AM,1244,A,0,1,0,0,1,0,1,1,12. Ped,1. No Adverse Condition (Clear/Cloudy),2. Daylight,1. Dry,8. Non-Intersection,1. Straight - Level,"2. Blacktop, Asphalt, Bituminous",1. No Defects,"2. Two-Way, Divided, Unprotected Median",1. Not at Intersection,14. Ped Crosswalk,1. Yes - Working,2. No,,,3. No,19. Ped,1. On Roadway,No,No,Belted,No,Yes,No,No,No,No,No,No,Yes,No,,NOT_RD,VDOT Intersection,Yes,No,Yes,No,9. Northern Virginia,76,076. Prince William County,"5-Major Collector (I,4)",4-Two-Way Divided,Urban,VDOT Secondary,7,1. State Hwy Agency,Northern Virginia,NOVA,R-VA076SC02000EB,2.44,546256.0,17.24,-77.307274633,38.655623357,Severe Injury,Pedestrian-related,Pedestrian-related
332631,181835117,2018,6/30/2018 4:00:00 AM,1240,B,0,0,1,0,1,0,0,1,16. Other,1. No Adverse Condition (Clear/Cloudy),2. Daylight,1. Dry,8. Non-Intersection,1. Straight - Level,"2. Blacktop, Asphalt, Bituminous",1. No Defects,"1. Two-Way, Not Divided",1. Not at Intersection,6. Traffic Lanes Marked,1. Yes - Working,2. No,,,3. No,35. Cross Median,1. On Roadway,No,No,Belted,No,No,No,No,No,No,No,Yes,No,Yes,5.0,RD_LEFT,Not Intersection,No,No,Yes,No,9. Northern Virginia,76,076. Prince William County,"5-Major Collector (I,4)",3-Two-Way Undivided,Urban,VDOT Primary,7,1. State Hwy Agency,Northern Virginia,NOVA,R-VA   SR00055WB,64.13,549361.0,481.96,-77.624726632,38.80664648,Visible Injury,Motorcycle-related,Motorcycle-related
332665,182575086,2018,8/28/2018 4:00:00 AM,1351,B,0,0,3,0,3,0,0,2,2. Angle,1. No Adverse Condition (Clear/Cloudy),2. Daylight,1. Dry,8. Non-Intersection,3. Grade - Straight,"2. Blacktop, Asphalt, Bituminous",1. No Defects,"1. Two-Way, Not Divided",1. Not at Intersection,6. Traffic Lanes Marked,1. Yes - Working,2. No,,,3. No,20. Motor Vehicle In Transport,1. On Roadway,No,No,Belted,No,Yes,No,No,No,No,No,No,No,No,,NOT_RD,VDOT Intersection,No,No,Yes,No,9. Northern Virginia,76,076. Prince William County,"3-Principal Arterial - Other (E,2)",3-Two-Way Undivided,Urban,VDOT Primary,7,1. State Hwy Agency,Northern Virginia,NOVA,R-VA   US00001NB,174.87,1235721.0,218.79,-77.263180085,38.6475296410001,Visible Injury,All Other,All Other
332704,181355082,2018,5/2/2018 4:00:00 AM,2034,K,1,0,0,0,0,0,0,2,2. Angle,1. No Adverse Condition (Clear/Cloudy),4. Darkness - Road Lighted,1. Dry,9. Within Intersection,3. Grade - Straight,"2. Blacktop, Asphalt, Bituminous",1. No Defects,"1. Two-Way, Not Divided",4. Four Approaches,3. Traffic Signal,1. Yes - Working,2. No,,,3. No,20. Motor Vehicle In Transport,1. On Roadway,Yes,No,Belted,No,No,No,No,No,No,No,Yes,No,Yes,6.0,NOT_RD,VDOT Intersection,No,Yes,Yes,Yes,9. Northern Virginia,76,076. Prince William County,"4-Minor Arterial (H,3)",4-Two-Way Divided,Urban,VDOT Primary,7,1. State Hwy Agency,Northern Virginia,NOVA,R-VA   SR00028NB,19.74,546368.0,40.32,-77.5329788559999,38.7375106320001,Fatal Injury,Motorcycle-related,Motorcycle-related
332817,180225091,2018,1/18/2018 5:00:00 AM,820,B,0,0,1,2,3,0,0,2,16. Other,1. No Adverse Condition (Clear/Cloudy),2. Daylight,1. Dry,"13. Driveway, Alley-Access - Related",1. Straight - Level,"2. Blacktop, Asphalt, Bituminous",1. No Defects,"4. One-Way, Not Divided",1. Not at Intersection,1. No Traffic Control,6. No Traffic Control Device Present,2. No,,,3. No,20. Motor Vehicle In Transport,1. On Roadway,No,No,Unbelted,No,No,No,No,No,No,Yes,No,No,No,,NOT_RD,Not Intersection,No,No,Yes,No,9. Northern Virginia,76,076. Prince William County,"7-Local (J,6)",3-Two-Way Undivided,Urban,VDOT Secondary,7,1. State Hwy Agency,Northern Virginia,NOVA,R-VA076SC02391SB,0.06,548665.0,402.41,-77.3335225869999,38.6253869670001,Visible Injury,All Other,All Other
332905,182955166,2018,10/12/2018 4:00:00 AM,1841,B,0,0,2,1,3,0,0,2,1. Rear End,1. No Adverse Condition (Clear/Cloudy),3. Dusk,1. Dry,8. Non-Intersection,1. Straight - Level,1. Concrete,1. No Defects,"4. One-Way, Not Divided",1. Not at Intersection,3. Traffic Signal,1. Yes - Working,2. No,,,3. No,20. Motor Vehicle In Transport,1. On Roadway,No,No,Belted,No,No,No,No,No,No,No,No,No,No,,NOT_RD,Not Intersection,No,No,Yes,No,9. Northern Virginia,76,076. Prince William County,"4-Minor Arterial (H,3)",4-Two-Way Divided,Urban,VDOT Secondary,7,1. State Hwy Agency,Northern Virginia,NOVA,R-VA076SC02000EB,4.05,546288.0,291.85,-77.293307893,38.636926272,Visible Injury,All Other,All Other
333076,190075182,2018,12/31/2018 5:00:00 AM,210,B,0,0,1,0,1,0,0,3,2. Angle,1. No Adverse Condition (Clear/Cloudy),4. Darkness - Road Lighted,1. Dry,9. Within Intersection,1. Straight - Level,"2. Blacktop, Asphalt, Bituminous",1. No Defects,"2. Two-Way, Divided, Unprotected Median",4. Four Approaches,3. Traffic Signal,1. Yes - Working,2. No,,,3. No,20. Motor Vehicle In Transport,1. On Roadway,Yes,No,Belted,No,No,No,Yes,No,No,No,No,No,Yes,5.0,NOT_RD,VDOT Intersection,No,No,Yes,Yes,9. Northern Virginia,76,076. Prince William County,"4-Minor Arterial (H,3)",4-Two-Way Divided,Urban,VDOT Secondary,7,1. State Hwy Agency,Northern Virginia,NOVA,R-VA076SC02000EB,3.92,711602.0,54.74,-77.295479637,38.6374923110001,Visible Injury,All Other,All Other
333091,182025296,2018,7/21/2018 4:00:00 AM,1705,B,0,0,3,0,3,0,0,1,9. Fixed Object - Off Road,5. Rain,2. Daylight,2. Wet,8. Non-Intersection,3. Grade - Straight,"2. Blacktop, Asphalt, Bituminous",1. No Defects,"3. Two-Way, Divided, Positive Median Barrier",1. Not at Intersection,6. Traffic Lanes Marked,1. Yes - Working,2. No,,,3. No,11. Jersey Wall,2. Shoulder,No,No,Belted,No,No,No,No,No,No,No,No,No,Yes,25.0,RD_RIGHT,Not Intersection,No,No,Yes,No,9. Northern Virginia,76,076. Prince William County,"1-Interstate (A,1)",4-Two-Way Divided,Urban,VDOT Interstate,7,1. State Hwy Agency,Northern Virginia,NOVA,R-VA   IS00095SB,155.9,,,-77.3012228159999,38.613748064,Visible Injury,All Other,All Other
333150,183535167,2018,12/9/2018 5:00:00 AM,1635,A,0,2,0,0,2,0,0,1,9. Fixed Object - Off Road,6. Snow,4. Darkness - Road Lighted,2. Wet,8. Non-Intersection,2. Curve - Level,"2. Blacktop, Asphalt, Bituminous",1. No Defects,"2. Two-Way, Divided, Unprotected Median",1. Not at Intersection,6. Traffic Lanes Marked,1. Yes - Working,2. No,,,3. No,2. Trees,1. On Roadway,No,No,Belted,No,No,No,Yes,No,No,No,No,No,Yes,10.0,RD_RIGHT,Not Intersection,No,No,Yes,Yes,9. Northern Virginia,76,076. Prince William County,"3-Principal Arterial - Other (E,2)",4-Two-Way Divided,Urban,VDOT Primary,7,1. State Hwy Agency,Northern Virginia,NOVA,R-VA   SR00294EB,12.79,,,-77.311167138,38.646464628,Severe Injury,All Other,All Other
333281,183315141,2018,11/21/2018 5:00:00 AM,1501,B,0,0,1,2,3,0,0,3,1. Rear End,1. No Adverse Condition (Clear/Cloudy),2. Daylight,1. Dry,1. Main-Line Roadway,1. Straight - Level,"2. Blacktop, Asphalt, Bituminous",1. No Defects,"1. Two-Way, Not Divided",1. Not at Intersection,6. Traffic Lanes Marked,1. Yes - Working,2. No,,,3. No,20. Motor Vehicle In Transport,1. On Roadway,No,No,Belted,No,No,No,No,No,No,No,No,No,No,,NOT_RD,VDOT Intersection,Yes,No,Yes,No,9. Northern Virginia,76,076. Prince William County,"4-Minor Arterial (H,3)",4-Two-Way Divided,Urban,VDOT Primary,7,1. State Hwy Agency,Northern Virginia,NOVA,R-VA   SR00028NB,17.52,1286321.0,173.27,-77.561372953,38.715838105,Visible Injury,All Other,All Other
333369,183515111,2018,12/14/2018 5:00:00 AM,1732,B,0,0,1,0,1,0,0,3,1. Rear End,5. Rain,5. Darkness - Road Not Lighted,2. Wet,10. Intersection Related - Within 150 Feet,1. Straight - Level,"2. Blacktop, Asphalt, Bituminous",1. No Defects,"1. Two-Way, Not Divided",4. Four Approaches,3. Traffic Signal,1. Yes - Working,2. No,,,3. No,20. Motor Vehicle In Transport,1. On Roadway,No,No,Belted,No,Yes,No,No,No,No,No,No,No,No,,NOT_RD,VDOT Intersection,Yes,No,Yes,Yes,9. Northern Virginia,76,076. Prince William County,"5-Major Collector (I,4)",3-Two-Way Undivided,Rural,VDOT Secondary,7,1. State Hwy Agency,Northern Virginia,NOVA,R-VA076SC00652WB,3.78,546349.0,27.47,-77.5819608199999,38.6994409340001,Visible Injury,All Other,All Other
333439,183395104,2018,12/3/2018 5:00:00 AM,631,B,0,0,1,0,1,0,1,1,12. Ped,1. No Adverse Condition (Clear/Cloudy),1. Dawn,1. Dry,1. Main-Line Roadway,3. Grade - Straight,"2. Blacktop, Asphalt, Bituminous",1. No Defects,"3. Two-Way, Divided, Positive Median Barrier",1. Not at Intersection,6. Traffic Lanes Marked,1. Yes - Working,2. No,,,3. No,19. Ped,1. On Roadway,No,No,Belted,No,No,No,Yes,No,No,No,No,Yes,No,,NOT_RD,VDOT Intersection,No,No,Yes,No,9. Northern Virginia,76,076. Prince William County,"3-Principal Arterial - Other (E,2)",4-Two-Way Divided,Urban,VDOT Primary,7,1. State Hwy Agency,Northern Virginia,NOVA,R-VA   US00001NB,173.09,1278725.0,163.65,-77.2785942049999,38.6246535990001,Visible Injury,Pedestrian-related,Pedestrian-related
333458,190075259,2018,12/29/2018 5:00:00 AM,1454,B,0,0,2,0,2,0,0,2,3. Head On,1. No Adverse Condition (Clear/Cloudy),2. Daylight,2. Wet,9. Within Intersection,1. Straight - Level,"2. Blacktop, Asphalt, Bituminous",1. No Defects,"2. Two-Way, Divided, Unprotected Median",3. Three Approaches,6. Traffic Lanes Marked,1. Yes - Working,2. No,,,3. No,20. Motor Vehicle In Transport,1. On Roadway,No,No,Belted,No,No,No,No,No,No,No,No,No,No,,NOT_RD,VDOT Intersection,No,Yes,Yes,No,9. Northern Virginia,76,076. Prince William County,"4-Minor Arterial (H,3)",4-Two-Way Divided,Urban,VDOT Secondary,7,1. State Hwy Agency,Northern Virginia,NOVA,R-VA076SC00640WB,4.33,726288.0,113.74,-77.3397482669999,38.64491896,Visible Injury,All Other,All Other
333467,181555338,2018,6/2/2018 4:00:00 AM,1053,B,0,0,2,0,2,0,0,2,1. Rear End,1. No Adverse Condition (Clear/Cloudy),2. Daylight,1. Dry,10. Intersection Related - Within 150 Feet,3. Grade - Straight,"2. Blacktop, Asphalt, Bituminous",1. No Defects,"3. Two-Way, Divided, Positive Median Barrier",4. Four Approaches,3. Traffic Signal,1. Yes - Working,2. No,,,3. No,20. Motor Vehicle In Transport,1. On Roadway,No,No,Belted,No,No,No,No,No,No,No,No,No,No,,NOT_RD,VDOT Intersection,No,Yes,Yes,No,9. Northern Virginia,76,076. Prince William County,"4-Minor Arterial (H,3)",4-Two-Way Divided,Urban,VDOT Secondary,7,1. State Hwy Agency,Northern Virginia,NOVA,R-VA076SC00784EB,6.42,546649.0,72.92,-77.305877879,38.627857313,Visible Injury,All Other,All Other
333495,181595073,2018,6/6/2018 4:00:00 AM,1641,B,0,0,1,0,1,0,0,2,1. Rear End,1. No Adverse Condition (Clear/Cloudy),2. Daylight,1. Dry,10. Intersection Related - Within 150 Feet,3. Grade - Straight,"2. Blacktop, Asphalt, Bituminous",1. No Defects,"3. Two-Way, Divided, Positive Median Barrier",4. Four Approaches,3. Traffic Signal,1. Yes - Working,2. No,,,3. No,20. Motor Vehicle In Transport,1. On Roadway,No,No,Belted,No,No,No,No,No,No,No,No,No,No,,NOT_RD,VDOT Intersection,No,No,Yes,No,9. Northern Virginia,76,076. Prince William County,"5-Major Collector (I,4)",4-Two-Way Divided,Urban,VDOT Secondary,7,1. State Hwy Agency,Northern Virginia,NOVA,R-VA076SC00674EB,2.61,749049.0,160.25,-77.5668799969999,38.7831991130001,Visible Injury,All Other,All Other
333613,180995292,2018,4/9/2018 4:00:00 AM,612,B,0,0,1,0,1,0,0,2,2. Angle,1. No Adverse Condition (Clear/Cloudy),1. Dawn,1. Dry,9. Within Intersection,1. Straight - Level,"2. Blacktop, Asphalt, Bituminous",1. No Defects,"1. Two-Way, Not Divided",4. Four Approaches,4. Stop Sign,1. Yes - Working,2. No,,,3. No,20. Motor Vehicle In Transport,1. On Roadway,No,No,Belted,No,No,No,No,No,No,No,No,No,No,,NOT_RD,VDOT Intersection,No,No,Yes,No,9. Northern Virginia,76,076. Prince William County,"4-Minor Arterial (H,3)",3-Two-Way Undivided,Rural,VDOT Primary,7,1. State Hwy Agency,Northern Virginia,NOVA,R-VA   US00029SB,221.91,546143.0,15.85,-77.5489562769999,38.8127531280001,Visible Injury,All Other,All Other
333779,182535081,2018,9/7/2018 4:00:00 AM,1049,B,0,0,2,0,2,0,0,2,1. Rear End,1. No Adverse Condition (Clear/Cloudy),2. Daylight,1. Dry,1. Main-Line Roadway,1. Straight - Level,"2. Blacktop, Asphalt, Bituminous",1. No Defects,"2. Two-Way, Divided, Unprotected Median",4. Four Approaches,3. Traffic Signal,1. Yes - Working,2. No,,,3. No,20. Motor Vehicle In Transport,1. On Roadway,No,No,Belted,No,Yes,No,No,No,No,No,No,No,No,,NOT_RD,VDOT Intersection,No,No,Yes,No,9. Northern Virginia,76,076. Prince William County,"5-Major Collector (I,4)",4-Two-Way Divided,Urban,VDOT Secondary,7,1. State Hwy Agency,Northern Virginia,NOVA,R-VA076SC01600NB,1.66,704407.0,47.88,-77.518492753,38.7835021120001,Visible Injury,All Other,All Other