OBJECTID,Document Nbr,Crash Year,Crash Date,Crash Military Time,Crash Severity,K_People,A_People,B_People,C_People,Persons Injured,Pedestrians Killed,Pedestrians Injured,Vehicle Count,Collision Type,Weather Condition,Light Condition,Roadway Surface Condition,Relation To Roadway,Roadway Alignment,Roadway Surface Type,Roadway Defect,Roadway Description,Intersection Type,Traffic Control Type,Traffic Control Status,Work Zone Related,Work Zone Location,Work Zone Type,School Zone,First Harmful Event,First Harmful Event Loc,Alcohol?,Animal Related?,Unrestrained?,Bike?,Distracted?,Drowsy?,Drug Related?,Guardrail Related?,Hitrun?,Lgtruck?,Motorcycle?,Pedestrian?,Speed?,Max Speed Diff,RoadDeparture Type,Intersection Analysis,Senior?,Young?,Mainline?,Night?,VDOT District,Juris Code,Physical Juris Name,Functional Class,Facility Type,Area Type,SYSTEM,VSP,Ownership,Planning District,MPO Name,RTE Name,RNS MP,Node,Node Offset (ft),x,y,Crash_Severity,type_severity,Type_severity
724765,212725085,2021,9/27/2021 4:00:00 AM,1925,B,0,0,1,3,4,0,0,4,1. Rear End,1. No Adverse Condition (Clear/Cloudy),5. Darkness - Road Not Lighted,1. Dry,11. Intersection Related - Outside 150 Feet,1. Straight - Level,"2. Blacktop, Asphalt, Bituminous",1. No Defects,"2. Two-Way, Divided, Unprotected Median",2. Two Approaches,6. Traffic Lanes Marked,1. Yes - Working,2. No,,,3. No,20. Motor Vehicle In Transport,1. On Roadway,No,No,Belted,No,No,No,No,No,No,No,No,No,No,,NOT_RD,Not Intersection,No,No,Yes,Yes,9. Northern Virginia,76,076. Prince William County,"3-Principal Arterial - Other (E,2)",4-Two-Way Divided,Urban,VDOT Primary,7,1. State Hwy Agency,Northern Virginia,NOVA,R-VA   US00001SB,174.0,,,-77.2702760189999,38.6356168990001,Visible Injury,All Other,All Other
724795,210815121,2021,3/10/2021 5:00:00 AM,1900,C,0,0,0,3,3,0,0,2,2. Angle,1. No Adverse Condition (Clear/Cloudy),4. Darkness - Road Lighted,1. Dry,9. Within Intersection,3. Grade - Straight,"2. Blacktop, Asphalt, Bituminous",1. No Defects,"1. Two-Way, Not Divided",2. Two Approaches,6. Traffic Lanes Marked,1. Yes - Working,2. No,,,3. No,20. Motor Vehicle In Transport,1. On Roadway,No,No,Belted,No,No,No,No,No,Yes,No,No,No,No,,NOT_RD,Not Intersection,No,Yes,Yes,Yes,9. Northern Virginia,76,076. Prince William County,"3-Principal Arterial - Other (E,2)",4-Two-Way Divided,Urban,VDOT Primary,7,1. State Hwy Agency,Northern Virginia,NOVA,R-VA   US00001SB,170.6,549289.0,343.81,-77.301343392,38.593240252,Nonvisible Injury,All Other,All Other
724821,213195163,2021,11/12/2021 5:00:00 AM,1107,C,0,0,0,2,2,0,0,2,2. Angle,1. No Adverse Condition (Clear/Cloudy),2. Daylight,1. Dry,11. Intersection Related - Outside 150 Feet,1. Straight - Level,"2. Blacktop, Asphalt, Bituminous",1. No Defects,"2. Two-Way, Divided, Unprotected Median",4. Four Approaches,6. Traffic Lanes Marked,1. Yes - Working,2. No,,,3. No,20. Motor Vehicle In Transport,1. On Roadway,No,No,Belted,No,No,No,No,No,No,No,No,No,Yes,5.0,NOT_RD,Not Intersection,No,No,Yes,No,9. Northern Virginia,76,076. Prince William County,"4-Minor Arterial (H,3)",4-Two-Way Divided,Urban,VDOT Secondary,7,1. State Hwy Agency,Northern Virginia,NOVA,R-VA076SC01566EB,5.18,704407.0,442.39,-77.519644423,38.782693932,Nonvisible Injury,All Other,All Other
724826,210635059,2021,3/3/2021 5:00:00 AM,1026,B,0,0,1,0,1,0,0,3,1. Rear End,1. No Adverse Condition (Clear/Cloudy),2. Daylight,1. Dry,8. Non-Intersection,5. Hillcrest - Straight,"2. Blacktop, Asphalt, Bituminous",1. No Defects,"2. Two-Way, Divided, Unprotected Median",1. Not at Intersection,5. Slow or Warning Sign,1. Yes - Working,1. Yes,1. Advance Warning Area,1. Lane Closure,3. No,20. Motor Vehicle In Transport,1. On Roadway,No,No,Belted,No,No,No,No,No,No,No,No,No,Yes,10.0,NOT_RD,Not Intersection,No,Yes,Yes,No,9. Northern Virginia,76,076. Prince William County,2-Principal Arterial - Other Freeways and Expressways (B),4-Two-Way Divided,Urban,VDOT Primary,7,1. State Hwy Agency,Northern Virginia,NOVA,R-VA   SR00234NB,21.55,,,-77.5481937609999,38.7845483240001,Visible Injury,All Other,All Other
724861,210715052,2021,3/8/2021 5:00:00 AM,1524,B,0,0,1,1,2,0,0,2,1. Rear End,1. No Adverse Condition (Clear/Cloudy),2. Daylight,1. Dry,10. Intersection Related - Within 150 Feet,1. Straight - Level,"2. Blacktop, Asphalt, Bituminous",1. No Defects,"2. Two-Way, Divided, Unprotected Median",4. Four Approaches,3. Traffic Signal,1. Yes - Working,2. No,,,3. No,20. Motor Vehicle In Transport,1. On Roadway,Yes,No,Belted,No,No,No,No,No,No,No,No,No,No,,NOT_RD,VDOT Intersection,No,No,Yes,No,9. Northern Virginia,76,076. Prince William County,"4-Minor Arterial (H,3)",4-Two-Way Divided,Urban,VDOT Secondary,7,1. State Hwy Agency,Northern Virginia,NOVA,R-VA076SC01566WB,5.27,704407.0,70.28,-77.518652263,38.7837876730001,Visible Injury,All Other,All Other
724931,212325092,2021,8/17/2021 4:00:00 AM,2206,B,0,0,1,0,1,0,0,1,16. Other,5. Rain,4. Darkness - Road Lighted,2. Wet,1. Main-Line Roadway,1. Straight - Level,"2. Blacktop, Asphalt, Bituminous",1. No Defects,"2. Two-Way, Divided, Unprotected Median",1. Not at Intersection,1. No Traffic Control,6. No Traffic Control Device Present,2. No,,,3. No,28. Ran Off Road,1. On Roadway,Yes,No,Belted,No,No,No,No,No,No,No,No,No,No,,RD_UNKNOWN,Not Intersection,No,No,Yes,Yes,9. Northern Virginia,76,076. Prince William County,"3-Principal Arterial - Other (E,2)",4-Two-Way Divided,Urban,VDOT Primary,7,1. State Hwy Agency,Northern Virginia,NOVA,R-VA   SR00234SB,12.24,746036.0,293.31,-77.4416340129999,38.692336756,Visible Injury,All Other,All Other
724962,212005083,2021,7/16/2021 4:00:00 AM,1338,B,0,0,1,1,2,0,0,2,2. Angle,1. No Adverse Condition (Clear/Cloudy),2. Daylight,1. Dry,9. Within Intersection,1. Straight - Level,"2. Blacktop, Asphalt, Bituminous",1. No Defects,"1. Two-Way, Not Divided",4. Four Approaches,4. Stop Sign,1. Yes - Working,2. No,,,3. No,20. Motor Vehicle In Transport,1. On Roadway,No,No,Belted,No,No,No,No,No,No,No,No,No,No,,NOT_RD,VDOT Intersection,No,No,Yes,No,9. Northern Virginia,76,076. Prince William County,"4-Minor Arterial (H,3)",3-Two-Way Undivided,Urban,VDOT Secondary,7,1. State Hwy Agency,Northern Virginia,NOVA,R-VA076SC00616NB,1.62,546079.0,5.66,-77.458496108,38.787417964,Visible Injury,All Other,All Other
725035,210135048,2021,1/11/2021 5:00:00 AM,1215,B,0,0,1,1,2,0,0,2,2. Angle,1. No Adverse Condition (Clear/Cloudy),2. Daylight,1. Dry,8. Non-Intersection,1. Straight - Level,"2. Blacktop, Asphalt, Bituminous",1. No Defects,"1. Two-Way, Not Divided",1. Not at Intersection,6. Traffic Lanes Marked,1. Yes - Working,2. No,,,3. No,20. Motor Vehicle In Transport,1. On Roadway,No,No,Belted,No,Yes,No,No,No,No,No,No,No,Yes,10.0,NOT_RD,Not Intersection,No,No,Yes,No,9. Northern Virginia,76,076. Prince William County,6-Minor Collector (5),3-Two-Way Undivided,Urban,VDOT Secondary,7,1. State Hwy Agency,Northern Virginia,NOVA,R-VA076SC02101NB,0.44,546274.0,304.86,-77.278907041,38.6768570410001,Visible Injury,All Other,All Other
725056,211655094,2021,6/11/2021 4:00:00 AM,907,A,0,1,1,0,2,0,0,2,2. Angle,5. Rain,2. Daylight,2. Wet,1. Main-Line Roadway,3. Grade - Straight,"2. Blacktop, Asphalt, Bituminous",1. No Defects,"3. Two-Way, Divided, Positive Median Barrier",4. Four Approaches,6. Traffic Lanes Marked,6. No Traffic Control Device Present,2. No,,,3. No,20. Motor Vehicle In Transport,1. On Roadway,No,No,Belted,No,No,No,No,No,No,No,No,No,No,,NOT_RD,VDOT Intersection,No,No,Yes,No,9. Northern Virginia,76,076. Prince William County,"7-Local (J,6)",4-Two-Way Divided,Urban,VDOT Secondary,7,1. State Hwy Agency,Northern Virginia,NOVA,R-VA076SC03500EB,1.48,749538.0,10.78,-77.6053243269999,38.7660499900001,Severe Injury,All Other,All Other
725059,212445055,2021,8/30/2021 4:00:00 AM,1700,C,0,0,0,2,2,0,0,2,2. Angle,5. Rain,2. Daylight,2. Wet,9. Within Intersection,1. Straight - Level,"2. Blacktop, Asphalt, Bituminous",1. No Defects,"1. Two-Way, Not Divided",3. Three Approaches,4. Stop Sign,1. Yes - Working,2. No,,,3. No,20. Motor Vehicle In Transport,1. On Roadway,No,No,Belted,No,No,No,No,No,No,No,No,No,No,,NOT_RD,VDOT Intersection,No,No,Yes,No,9. Northern Virginia,76,076. Prince William County,"4-Minor Arterial (H,3)",3-Two-Way Undivided,Urban,VDOT Secondary,7,1. State Hwy Agency,Northern Virginia,NOVA,R-VA076SC01530EB,0.4,1233201.0,5.01,-77.50984635,38.7837301960001,Nonvisible Injury,All Other,All Other
725181,212865069,2021,10/8/2021 4:00:00 AM,2205,A,0,1,0,0,1,0,1,1,12. Ped,1. No Adverse Condition (Clear/Cloudy),5. Darkness - Road Not Lighted,1. Dry,1. Main-Line Roadway,1. Straight - Level,"2. Blacktop, Asphalt, Bituminous",1. No Defects,"2. Two-Way, Divided, Unprotected Median",1. Not at Intersection,3. Traffic Signal,1. Yes - Working,2. No,,,3. No,19. Ped,1. On Roadway,Yes,No,Belted,No,No,No,Yes,No,No,No,No,Yes,No,,NOT_RD,VDOT Intersection,No,Yes,Yes,Yes,9. Northern Virginia,76,076. Prince William County,"4-Minor Arterial (H,3)",4-Two-Way Divided,Urban,VDOT Primary,7,1. State Hwy Agency,Northern Virginia,NOVA,R-VA   SR00234NBBUS001,5.84,547405.0,248.71,-77.5118045729999,38.782596319,Severe Injury,Pedestrian-related,Pedestrian-related
725266,211835113,2021,6/30/2021 4:00:00 AM,1446,B,0,0,1,0,1,0,0,2,2. Angle,1. No Adverse Condition (Clear/Cloudy),2. Daylight,1. Dry,9. Within Intersection,3. Grade - Straight,"2. Blacktop, Asphalt, Bituminous",1. No Defects,"1. Two-Way, Not Divided",4. Four Approaches,4. Stop Sign,1. Yes - Working,2. No,,,3. No,20. Motor Vehicle In Transport,1. On Roadway,No,No,Belted,No,No,No,No,No,No,No,No,No,No,,NOT_RD,VDOT Intersection,No,No,Yes,No,9. Northern Virginia,76,076. Prince William County,"4-Minor Arterial (H,3)",3-Two-Way Undivided,Urban,VDOT Secondary,7,1. State Hwy Agency,Northern Virginia,NOVA,R-VA076SC00616NB,1.98,546076.0,0.0,-77.4580084999999,38.7926017500001,Visible Injury,All Other,All Other
725454,211975100,2021,7/15/2021 4:00:00 AM,631,B,0,0,1,0,1,0,0,2,4. Sideswipe - Same Direction,1. No Adverse Condition (Clear/Cloudy),2. Daylight,1. Dry,8. Non-Intersection,1. Straight - Level,"2. Blacktop, Asphalt, Bituminous",1. No Defects,"3. Two-Way, Divided, Positive Median Barrier",1. Not at Intersection,6. Traffic Lanes Marked,1. Yes - Working,1. Yes,3. Activity Area,3. Work on Shoulder or Median,3. No,20. Motor Vehicle In Transport,1. On Roadway,No,No,Belted,No,Yes,Yes,No,No,Yes,No,No,No,No,,NOT_RD,Not Intersection,No,No,Yes,No,9. Northern Virginia,76,076. Prince William County,"1-Interstate (A,1)",4-Two-Way Divided,Urban,VDOT Interstate,7,1. State Hwy Agency,Northern Virginia,NOVA,R-VA   IS00066EB,39.97,,,-77.648390427,38.8206077790001,Visible Injury,All Other,All Other
725489,210225161,2021,1/21/2021 5:00:00 AM,750,B,0,0,1,0,1,0,0,4,1. Rear End,1. No Adverse Condition (Clear/Cloudy),2. Daylight,1. Dry,1. Main-Line Roadway,1. Straight - Level,"2. Blacktop, Asphalt, Bituminous",1. No Defects,"3. Two-Way, Divided, Positive Median Barrier",1. Not at Intersection,17. Highway Safety Corridor,1. Yes - Working,2. No,,,3. No,20. Motor Vehicle In Transport,1. On Roadway,No,No,Belted,No,No,No,No,No,No,No,No,No,Yes,40.0,NOT_RD,Not Intersection,No,Yes,Yes,No,9. Northern Virginia,76,076. Prince William County,"1-Interstate (A,1)",4-Two-Way Divided,Urban,VDOT Interstate,7,1. State Hwy Agency,Northern Virginia,NOVA,R-VA   IS00095NB,158.96,,,-77.280002423,38.6552516470001,Visible Injury,All Other,All Other
725513,210995154,2021,4/7/2021 4:00:00 AM,1703,A,0,1,0,0,1,0,0,1,9. Fixed Object - Off Road,1. No Adverse Condition (Clear/Cloudy),2. Daylight,1. Dry,9. Within Intersection,4. Grade - Curve,"2. Blacktop, Asphalt, Bituminous",1. No Defects,"2. Two-Way, Divided, Unprotected Median",3. Three Approaches,6. Traffic Lanes Marked,1. Yes - Working,2. No,,,3. No,3. Utility Pole,1. On Roadway,No,No,Belted,No,Yes,No,No,No,No,No,No,No,No,,NOT_RD,VDOT Intersection,Yes,No,Yes,No,9. Northern Virginia,76,076. Prince William County,"7-Local (J,6)",3-Two-Way Undivided,Urban,VDOT Secondary,7,1. State Hwy Agency,Northern Virginia,NOVA,R-VA076SC00846EB,0.44,730929.0,31.94,-77.428940371,38.633845449,Severe Injury,All Other,All Other
725717,213585056,2021,12/23/2021 5:00:00 AM,1330,B,0,0,1,0,1,0,0,3,1. Rear End,1. No Adverse Condition (Clear/Cloudy),2. Daylight,1. Dry,8. Non-Intersection,1. Straight - Level,"2. Blacktop, Asphalt, Bituminous",1. No Defects,"3. Two-Way, Divided, Positive Median Barrier",1. Not at Intersection,17. Highway Safety Corridor,1. Yes - Working,2. No,,,3. No,20. Motor Vehicle In Transport,1. On Roadway,No,No,Belted,No,No,No,No,No,No,No,No,No,Yes,15.0,NOT_RD,Not Intersection,No,No,Yes,No,9. Northern Virginia,76,076. Prince William County,"1-Interstate (A,1)",4-Two-Way Divided,Urban,VDOT Interstate,7,1. State Hwy Agency,Northern Virginia,NOVA,R-VA   IS00095NB,156.19,,,-77.297520697,38.6181822070001,Visible Injury,All Other,All Other
725756,210265080,2021,1/25/2021 5:00:00 AM,1137,B,0,0,1,0,1,0,0,1,9. Fixed Object - Off Road,1. No Adverse Condition (Clear/Cloudy),2. Daylight,1. Dry,8. Non-Intersection,1. Straight - Level,"2. Blacktop, Asphalt, Bituminous",1. No Defects,"1. Two-Way, Not Divided",1. Not at Intersection,6. Traffic Lanes Marked,1. Yes - Working,2. No,,,3. No,4. Fence Or Post,4. Roadside,No,No,Belted,No,Yes,No,No,No,No,No,No,No,Yes,15.0,RD_UNKNOWN,Not Intersection,No,No,Yes,No,9. Northern Virginia,76,076. Prince William County,"7-Local (J,6)",3-Two-Way Undivided,Urban,VDOT Secondary,7,1. State Hwy Agency,Northern Virginia,NOVA,R-VA076SC00840WB,1.77,,,-77.55835818,38.764771346,Visible Injury,All Other,All Other
726023,212845385,2021,10/6/2021 4:00:00 AM,2238,B,0,0,2,1,3,0,0,2,3. Head On,1. No Adverse Condition (Clear/Cloudy),4. Darkness - Road Lighted,1. Dry,9. Within Intersection,1. Straight - Level,"2. Blacktop, Asphalt, Bituminous",1. No Defects,"2. Two-Way, Divided, Unprotected Median",3. Three Approaches,3. Traffic Signal,1. Yes - Working,2. No,,,3. No,20. Motor Vehicle In Transport,1. On Roadway,Yes,No,Belted,No,No,No,No,No,No,No,No,No,Yes,5.0,NOT_RD,VDOT Intersection,No,No,Yes,Yes,9. Northern Virginia,76,076. Prince William County,"3-Principal Arterial - Other (E,2)",4-Two-Way Divided,Urban,VDOT Primary,7,1. State Hwy Agency,Northern Virginia,NOVA,R-VA   US00001SB,169.6,713764.0,38.14,-77.3111011349999,38.5808819470001,Visible Injury,All Other,All Other
726071,212395051,2021,8/25/2021 4:00:00 AM,836,B,0,0,1,0,1,0,0,2,1. Rear End,1. No Adverse Condition (Clear/Cloudy),2. Daylight,1. Dry,5. On Entrance/Exit Ramp,10. On/Off Ramp,"2. Blacktop, Asphalt, Bituminous",1. No Defects,"4. One-Way, Not Divided",1. Not at Intersection,8. Yield Sign,1. Yes - Working,2. No,,,3. No,20. Motor Vehicle In Transport,1. On Roadway,No,No,Belted,No,No,No,No,No,Yes,No,No,No,No,,NOT_RD,Not Intersection,No,No,No,No,9. Northern Virginia,76,076. Prince William County,"1-Interstate (A,1)",1-One-Way Undivided,Urban,VDOT Primary,7,1. State Hwy Agency,Northern Virginia,NOVA,R-VA   SR00234UK      RMP000.00A,0.0,,,-77.31967685,38.5793638120001,Visible Injury,All Other,All Other
726418,213135301,2021,11/8/2021 5:00:00 AM,1810,B,0,0,1,1,2,0,0,2,2. Angle,1. No Adverse Condition (Clear/Cloudy),4. Darkness - Road Lighted,1. Dry,10. Intersection Related - Within 150 Feet,1. Straight - Level,"2. Blacktop, Asphalt, Bituminous",1. No Defects,"3. Two-Way, Divided, Positive Median Barrier",3. Three Approaches,3. Traffic Signal,1. Yes - Working,2. No,,,3. No,20. Motor Vehicle In Transport,1. On Roadway,No,No,Belted,No,No,No,No,No,No,No,No,No,No,,NOT_RD,VDOT Intersection,No,No,Yes,Yes,9. Northern Virginia,76,076. Prince William County,2-Principal Arterial - Other Freeways and Expressways (B),4-Two-Way Divided,Urban,VDOT Primary,7,1. State Hwy Agency,Northern Virginia,NOVA,R-VA   SR00294EB,3.67,722151.0,91.01,-77.42362651,38.730293411,Visible Injury,All Other,All Other
726454,210485048,2021,2/17/2021 5:00:00 AM,120,B,0,0,1,0,1,0,0,2,2. Angle,1. No Adverse Condition (Clear/Cloudy),5. Darkness - Road Not Lighted,1. Dry,8. Non-Intersection,1. Straight - Level,"2. Blacktop, Asphalt, Bituminous",1. No Defects,"1. Two-Way, Not Divided",1. Not at Intersection,6. Traffic Lanes Marked,1. Yes - Working,2. No,,,3. No,20. Motor Vehicle In Transport,1. On Roadway,No,No,Belted,No,Yes,Yes,No,No,No,No,No,No,No,,NOT_RD,Not Intersection,No,No,Yes,Yes,9. Northern Virginia,76,076. Prince William County,"5-Major Collector (I,4)",3-Two-Way Undivided,Urban,VDOT Secondary,7,1. State Hwy Agency,Northern Virginia,NOVA,R-VA076SC00619EB,14.98,,,-77.446842061,38.639990051,Visible Injury,All Other,All Other
726514,213065152,2021,10/31/2021 4:00:00 AM,1723,A,0,1,0,1,2,0,0,2,2. Angle,1. No Adverse Condition (Clear/Cloudy),3. Dusk,1. Dry,9. Within Intersection,3. Grade - Straight,"2. Blacktop, Asphalt, Bituminous",1. No Defects,"2. Two-Way, Divided, Unprotected Median",4. Four Approaches,3. Traffic Signal,1. Yes - Working,2. No,,,3. No,20. Motor Vehicle In Transport,1. On Roadway,No,No,Belted,No,No,No,No,No,No,No,Yes,No,No,,NOT_RD,VDOT Intersection,Yes,No,Yes,No,9. Northern Virginia,76,076. Prince William County,"3-Principal Arterial - Other (E,2)",3-Two-Way Undivided,Urban,VDOT Primary,7,1. State Hwy Agency,Northern Virginia,NOVA,R-VA   SR00028SB,26.72,546503.0,4.77,-77.447594973,38.7933217710001,Severe Injury,Motorcycle-related,Motorcycle-related
726560,212005070,2021,7/9/2021 4:00:00 AM,2230,B,0,0,1,0,1,0,0,5,2. Angle,1. No Adverse Condition (Clear/Cloudy),5. Darkness - Road Not Lighted,1. Dry,9. Within Intersection,1. Straight - Level,"2. Blacktop, Asphalt, Bituminous",1. No Defects,"1. Two-Way, Not Divided",4. Four Approaches,4. Stop Sign,1. Yes - Working,2. No,,,3. No,20. Motor Vehicle In Transport,1. On Roadway,No,No,Belted,No,No,No,No,No,Yes,No,No,No,No,,NOT_RD,VDOT Intersection,No,No,Yes,Yes,9. Northern Virginia,76,076. Prince William County,"4-Minor Arterial (H,3)",3-Two-Way Undivided,Urban,VDOT Secondary,7,1. State Hwy Agency,Northern Virginia,NOVA,R-VA076SC01530WB,0.74,547408.0,21.73,-77.5040511619999,38.7835163820001,Visible Injury,All Other,All Other
726588,213475216,2021,12/10/2021 5:00:00 AM,951,B,0,0,1,2,3,0,0,3,2. Angle,1. No Adverse Condition (Clear/Cloudy),2. Daylight,1. Dry,9. Within Intersection,1. Straight - Level,"2. Blacktop, Asphalt, Bituminous",1. No Defects,"2. Two-Way, Divided, Unprotected Median",4. Four Approaches,3. Traffic Signal,1. Yes - Working,2. No,,,3. No,20. Motor Vehicle In Transport,1. On Roadway,No,No,Belted,No,Yes,No,No,No,No,No,No,No,No,,NOT_RD,VDOT Intersection,No,No,Yes,No,9. Northern Virginia,76,076. Prince William County,"4-Minor Arterial (H,3)",4-Two-Way Divided,Urban,VDOT Secondary,7,1. State Hwy Agency,Northern Virginia,NOVA,R-VA076SC02000EB,3.93,711602.0,4.89,-77.2953192579999,38.637438301,Visible Injury,All Other,All Other
726658,212805212,2021,10/4/2021 4:00:00 AM,645,B,0,0,1,0,1,0,0,2,4. Sideswipe - Same Direction,1. No Adverse Condition (Clear/Cloudy),1. Dawn,1. Dry,8. Non-Intersection,1. Straight - Level,"2. Blacktop, Asphalt, Bituminous",1. No Defects,"3. Two-Way, Divided, Positive Median Barrier",1. Not at Intersection,6. Traffic Lanes Marked,1. Yes - Working,1. Yes,3. Activity Area,3. Work on Shoulder or Median,3. No,20. Motor Vehicle In Transport,1. On Roadway,No,No,Belted,No,No,No,No,No,No,No,No,No,No,,NOT_RD,Not Intersection,No,No,Yes,No,9. Northern Virginia,76,076. Prince William County,"1-Interstate (A,1)",4-Two-Way Divided,Urban,VDOT Interstate,7,1. State Hwy Agency,Northern Virginia,NOVA,R-VA   IS00066EB,47.52,,,-77.513006901,38.801743623,Visible Injury,All Other,All Other
726678,213365123,2021,11/28/2021 5:00:00 AM,1437,B,0,0,2,1,3,0,0,2,2. Angle,1. No Adverse Condition (Clear/Cloudy),2. Daylight,1. Dry,1. Main-Line Roadway,1. Straight - Level,"2. Blacktop, Asphalt, Bituminous",1. No Defects,"2. Two-Way, Divided, Unprotected Median",4. Four Approaches,3. Traffic Signal,1. Yes - Working,2. No,,,3. No,20. Motor Vehicle In Transport,1. On Roadway,No,No,Belted,No,No,No,No,No,No,No,No,No,No,,NOT_RD,VDOT Intersection,No,No,Yes,No,9. Northern Virginia,76,076. Prince William County,"4-Minor Arterial (H,3)",4-Two-Way Divided,Urban,VDOT Primary,7,1. State Hwy Agency,Northern Virginia,NOVA,R-VA   SR00028NB,18.96,546123.0,0.0,-77.545851208,38.7326695020001,Visible Injury,All Other,All Other
726798,213405056,2021,11/23/2021 5:00:00 AM,1135,B,0,0,1,1,2,0,0,2,1. Rear End,1. No Adverse Condition (Clear/Cloudy),2. Daylight,1. Dry,9. Within Intersection,1. Straight - Level,1. Concrete,1. No Defects,"2. Two-Way, Divided, Unprotected Median",4. Four Approaches,3. Traffic Signal,1. Yes - Working,2. No,,,3. No,20. Motor Vehicle In Transport,1. On Roadway,No,No,Belted,No,Yes,No,No,No,No,No,No,No,No,,NOT_RD,VDOT Intersection,No,No,Yes,No,9. Northern Virginia,76,076. Prince William County,"4-Minor Arterial (H,3)",4-Two-Way Divided,Urban,VDOT Secondary,7,1. State Hwy Agency,Northern Virginia,NOVA,R-VA076SC00640WB,5.1,546257.0,71.28,-77.327031597,38.650360877,Visible Injury,All Other,All Other
726810,211655077,2021,5/7/2021 4:00:00 AM,733,B,0,0,1,0,1,0,0,3,1. Rear End,1. No Adverse Condition (Clear/Cloudy),2. Daylight,1. Dry,1. Main-Line Roadway,1. Straight - Level,"2. Blacktop, Asphalt, Bituminous",1. No Defects,"3. Two-Way, Divided, Positive Median Barrier",1. Not at Intersection,6. Traffic Lanes Marked,6. No Traffic Control Device Present,2. No,,,3. No,20. Motor Vehicle In Transport,1. On Roadway,No,No,Belted,No,No,No,No,No,No,Yes,No,No,No,,NOT_RD,Not Intersection,No,No,Yes,No,9. Northern Virginia,76,076. Prince William County,"3-Principal Arterial - Other (E,2)",4-Two-Way Divided,Urban,VDOT Primary,7,1. State Hwy Agency,Northern Virginia,NOVA,R-VA   US00029NB,217.79,,,-77.620679433,38.7937718040001,Visible Injury,All Other,All Other
726831,211345318,2021,5/13/2021 4:00:00 AM,1550,B,0,0,1,0,1,0,0,2,1. Rear End,1. No Adverse Condition (Clear/Cloudy),2. Daylight,1. Dry,5. On Entrance/Exit Ramp,2. Curve - Level,"2. Blacktop, Asphalt, Bituminous",4. Under Repair,"3. Two-Way, Divided, Positive Median Barrier",1. Not at Intersection,6. Traffic Lanes Marked,1. Yes - Working,1. Yes,3. Activity Area,3. Work on Shoulder or Median,3. No,20. Motor Vehicle In Transport,1. On Roadway,No,No,Belted,No,No,No,No,No,No,No,No,No,No,,NOT_RD,VDOT Intersection,No,No,Yes,No,9. Northern Virginia,76,076. Prince William County,"4-Minor Arterial (H,3)",4-Two-Way Divided,Urban,VDOT Primary,7,1. State Hwy Agency,Northern Virginia,NOVA,R-VA   SR00234NBBUS001,7.02,547549.0,115.11,-77.518538624,38.7988975420001,Visible Injury,All Other,All Other
726908,212515096,2021,9/3/2021 4:00:00 AM,1452,B,0,0,1,1,2,0,0,1,8. Non-Collision,1. No Adverse Condition (Clear/Cloudy),2. Daylight,1. Dry,10. Intersection Related - Within 150 Feet,1. Straight - Level,"2. Blacktop, Asphalt, Bituminous",1. No Defects,"1. Two-Way, Not Divided",2. Two Approaches,6. Traffic Lanes Marked,6. No Traffic Control Device Present,2. No,,,3. No,39. Fell/Jumped From Vehicle,1. On Roadway,No,No,Belted,No,No,No,No,No,No,No,Yes,No,No,,NOT_RD,VDOT Intersection,No,No,Yes,No,9. Northern Virginia,76,076. Prince William County,"5-Major Collector (I,4)",3-Two-Way Undivided,Rural,VDOT Primary,7,1. State Hwy Agency,Northern Virginia,NOVA,R-VA   SR00215WB,5.81,546365.0,4.5,-77.6061053989999,38.743500114,Visible Injury,Motorcycle-related,Motorcycle-related
727254,212735219,2021,9/28/2021 4:00:00 AM,2320,B,0,0,2,1,3,0,0,2,4. Sideswipe - Same Direction,1. No Adverse Condition (Clear/Cloudy),5. Darkness - Road Not Lighted,1. Dry,1. Main-Line Roadway,1. Straight - Level,"2. Blacktop, Asphalt, Bituminous","2. Holes, Ruts, Bumps","1. Two-Way, Not Divided",4. Four Approaches,3. Traffic Signal,1. Yes - Working,2. No,,,3. No,20. Motor Vehicle In Transport,1. On Roadway,No,No,Belted,No,No,No,No,No,No,No,No,No,No,,NOT_RD,VDOT Intersection,No,No,Yes,Yes,9. Northern Virginia,76,076. Prince William County,"3-Principal Arterial - Other (E,2)",3-Two-Way Undivided,Urban,VDOT Primary,7,1. State Hwy Agency,Northern Virginia,NOVA,R-VA   US00001NB,174.33,546610.0,38.3,-77.267309038,38.6396053880001,Visible Injury,All Other,All Other
727268,211235089,2021,5/2/2021 4:00:00 AM,1435,B,0,0,1,0,1,0,0,1,8. Non-Collision,1. No Adverse Condition (Clear/Cloudy),2. Daylight,1. Dry,1. Main-Line Roadway,1. Straight - Level,1. Concrete,1. No Defects,"1. Two-Way, Not Divided",1. Not at Intersection,6. Traffic Lanes Marked,1. Yes - Working,2. No,,,3. No,28. Ran Off Road,2. Shoulder,No,No,Belted,No,No,No,No,No,No,No,Yes,No,Yes,10.0,RD_RIGHT,Not Intersection,No,No,Yes,No,9. Northern Virginia,76,076. Prince William County,6-Minor Collector (5),3-Two-Way Undivided,Rural,VDOT Secondary,7,1. State Hwy Agency,Northern Virginia,NOVA,R-VA076SC00611NB,4.25,546064.0,392.05,-77.536499281,38.6559601970001,Visible Injury,Motorcycle-related,Motorcycle-related