OBJECTID,Document Nbr,Crash Year,Crash Date,Crash Military Time,Crash Severity,K_People,A_People,B_People,C_People,Persons Injured,Pedestrians Killed,Pedestrians Injured,Vehicle Count,Collision Type,Weather Condition,Light Condition,Roadway Surface Condition,Relation To Roadway,Roadway Alignment,Roadway Surface Type,Roadway Defect,Roadway Description,Intersection Type,Traffic Control Type,Traffic Control Status,Work Zone Related,Work Zone Location,Work Zone Type,School Zone,First Harmful Event,First Harmful Event Loc,Alcohol?,Animal Related?,Unrestrained?,Bike?,Distracted?,Drowsy?,Drug Related?,Guardrail Related?,Hitrun?,Lgtruck?,Motorcycle?,Pedestrian?,Speed?,Max Speed Diff,RoadDeparture Type,Intersection Analysis,Senior?,Young?,Mainline?,Night?,VDOT District,Juris Code,Physical Juris Name,Functional Class,Facility Type,Area Type,SYSTEM,VSP,Ownership,Planning District,MPO Name,RTE Name,RNS MP,Node,Node Offset (ft),x,y,Crash_Severity,type_severity,Type_severity
776078,220755166,2022,3/5/2022 5:00:00 AM,1200,B,0,0,2,1,3,0,0,2,1. Rear End,1. No Adverse Condition (Clear/Cloudy),2. Daylight,1. Dry,1. Main-Line Roadway,1. Straight - Level,"2. Blacktop, Asphalt, Bituminous",1. No Defects,"2. Two-Way, Divided, Unprotected Median",4. Four Approaches,3. Traffic Signal,1. Yes - Working,2. No,,,3. No,20. Motor Vehicle In Transport,1. On Roadway,No,No,Belted,No,Yes,No,No,No,No,No,No,No,No,,NOT_RD,VDOT Intersection,No,No,Yes,No,9. Northern Virginia,76,076. Prince William County,"4-Minor Arterial (H,3)",4-Two-Way Divided,Urban,VDOT Secondary,7,1. State Hwy Agency,Northern Virginia,NOVA,R-VA076SC00784EB,4.16,546259.0,16.26,-77.3371852779999,38.645837187,Visible Injury,All Other,All Other
776127,223555090,2022,12/17/2022 5:00:00 AM,1506,B,0,0,1,0,1,0,0,2,2. Angle,1. No Adverse Condition (Clear/Cloudy),2. Daylight,1. Dry,1. Main-Line Roadway,1. Straight - Level,"2. Blacktop, Asphalt, Bituminous",1. No Defects,"1. Two-Way, Not Divided",1. Not at Intersection,6. Traffic Lanes Marked,1. Yes - Working,2. No,,,3. No,20. Motor Vehicle In Transport,1. On Roadway,No,No,Belted,No,Yes,No,No,No,No,No,No,No,No,,NOT_RD,Not Intersection,No,No,Yes,No,9. Northern Virginia,76,076. Prince William County,"4-Minor Arterial (H,3)",3-Two-Way Undivided,Rural,VDOT Primary,7,1. State Hwy Agency,Northern Virginia,NOVA,R-VA   SR00028SB,14.76,1220479.0,272.88,-77.601473959,38.6924002110001,Visible Injury,All Other,All Other
776140,221115177,2022,4/16/2022 4:00:00 AM,925,B,0,0,1,0,1,0,0,1,9. Fixed Object - Off Road,1. No Adverse Condition (Clear/Cloudy),2. Daylight,1. Dry,8. Non-Intersection,1. Straight - Level,"2. Blacktop, Asphalt, Bituminous",1. No Defects,"3. Two-Way, Divided, Positive Median Barrier",1. Not at Intersection,6. Traffic Lanes Marked,1. Yes - Working,1. Yes,3. Activity Area,3. Work on Shoulder or Median,3. No,5. Guard Rail,2. Shoulder,No,No,Belted,No,No,No,No,Yes,No,Yes,No,No,No,,RD_RIGHT,Not Intersection,Yes,No,Yes,No,9. Northern Virginia,76,076. Prince William County,"1-Interstate (A,1)",4-Two-Way Divided,Urban,VDOT Interstate,7,1. State Hwy Agency,Northern Virginia,NOVA,R-VA   IS00066WB,43.37,,,-77.596093969,38.7995909420001,Visible Injury,All Other,All Other
776154,223115151,2022,11/3/2022 4:00:00 AM,2205,B,0,0,1,0,1,0,0,1,9. Fixed Object - Off Road,1. No Adverse Condition (Clear/Cloudy),5. Darkness - Road Not Lighted,1. Dry,1. Main-Line Roadway,8. Dip - Curve,"2. Blacktop, Asphalt, Bituminous",1. No Defects,"2. Two-Way, Divided, Unprotected Median",1. Not at Intersection,6. Traffic Lanes Marked,1. Yes - Working,2. No,,,3. No,5. Guard Rail,2. Shoulder,No,No,Belted,No,No,No,No,Yes,No,No,No,No,No,,RD_RIGHT,Not Intersection,No,No,Yes,Yes,9. Northern Virginia,76,076. Prince William County,"5-Major Collector (I,4)",4-Two-Way Divided,Urban,VDOT Secondary,7,1. State Hwy Agency,Northern Virginia,NOVA,R-VA076SC00643EB,8.05,1281697.0,261.74,-77.370820286,38.613560723,Visible Injury,All Other,All Other
776204,221875170,2022,6/17/2022 4:00:00 AM,1513,B,0,0,4,0,4,0,0,3,1. Rear End,1. No Adverse Condition (Clear/Cloudy),2. Daylight,1. Dry,10. Intersection Related - Within 150 Feet,1. Straight - Level,"2. Blacktop, Asphalt, Bituminous",1. No Defects,"3. Two-Way, Divided, Positive Median Barrier",4. Four Approaches,3. Traffic Signal,1. Yes - Working,2. No,,,3. No,20. Motor Vehicle In Transport,1. On Roadway,No,No,Belted,No,Yes,No,No,No,No,No,No,No,No,,NOT_RD,VDOT Intersection,No,No,Yes,No,9. Northern Virginia,76,076. Prince William County,"4-Minor Arterial (H,3)",4-Two-Way Divided,Urban,VDOT Secondary,7,1. State Hwy Agency,Northern Virginia,NOVA,R-VA076SC00640EB,5.76,709125.0,181.7,-77.3161177059999,38.6526959020001,Visible Injury,All Other,All Other
776306,222205281,2022,8/5/2022 4:00:00 AM,1418,C,0,0,0,1,1,0,0,2,1. Rear End,1. No Adverse Condition (Clear/Cloudy),2. Daylight,1. Dry,8. Non-Intersection,2. Curve - Level,"2. Blacktop, Asphalt, Bituminous",1. No Defects,"1. Two-Way, Not Divided",1. Not at Intersection,1. No Traffic Control,6. No Traffic Control Device Present,2. No,,,3. No,20. Motor Vehicle In Transport,1. On Roadway,No,No,Belted,No,No,No,No,No,No,No,No,No,No,,RD_UNKNOWN,Not Intersection,Yes,No,Yes,No,9. Northern Virginia,76,076. Prince William County,"7-Local (J,6)",3-Two-Way Undivided,Urban,VDOT Secondary,7,1. State Hwy Agency,Northern Virginia,NOVA,R-VA076SC01940EB,0.51,,,-77.339359029,38.655375409,Nonvisible Injury,All Other,All Other
776337,221725129,2022,6/18/2022 4:00:00 AM,1428,B,0,0,1,2,3,0,0,2,2. Angle,1. No Adverse Condition (Clear/Cloudy),2. Daylight,1. Dry,9. Within Intersection,3. Grade - Straight,"2. Blacktop, Asphalt, Bituminous",1. No Defects,"2. Two-Way, Divided, Unprotected Median",4. Four Approaches,3. Traffic Signal,1. Yes - Working,2. No,,,3. No,20. Motor Vehicle In Transport,1. On Roadway,No,No,Unbelted,No,No,No,No,No,No,No,No,No,No,,NOT_RD,VDOT Intersection,No,No,Yes,No,9. Northern Virginia,76,076. Prince William County,"3-Principal Arterial - Other (E,2)",4-Two-Way Divided,Urban,VDOT Primary,7,1. State Hwy Agency,Northern Virginia,NOVA,R-VA   SR00234NB,13.49,746050.0,9.21,-77.449193637,38.708273709,Visible Injury,All Other,All Other
776374,220675156,2022,3/4/2022 5:00:00 AM,1629,B,0,0,3,0,3,0,0,2,1. Rear End,1. No Adverse Condition (Clear/Cloudy),2. Daylight,1. Dry,9. Within Intersection,3. Grade - Straight,"2. Blacktop, Asphalt, Bituminous",1. No Defects,"2. Two-Way, Divided, Unprotected Median",4. Four Approaches,6. Traffic Lanes Marked,1. Yes - Working,2. No,,,3. No,20. Motor Vehicle In Transport,1. On Roadway,No,No,Belted,No,No,No,No,No,No,Yes,No,No,No,,NOT_RD,VDOT Intersection,No,No,Yes,No,9. Northern Virginia,76,076. Prince William County,"5-Major Collector (I,4)",4-Two-Way Divided,Urban,VDOT Secondary,7,1. State Hwy Agency,Northern Virginia,NOVA,R-VA076SC00674EB,4.89,722677.0,51.05,-77.534515438,38.766622619,Visible Injury,All Other,All Other
776483,221785140,2022,6/17/2022 4:00:00 AM,1700,B,0,0,1,1,2,0,0,2,2. Angle,1. No Adverse Condition (Clear/Cloudy),2. Daylight,1. Dry,9. Within Intersection,3. Grade - Straight,"2. Blacktop, Asphalt, Bituminous",1. No Defects,"1. Two-Way, Not Divided",3. Three Approaches,4. Stop Sign,1. Yes - Working,2. No,,,3. No,20. Motor Vehicle In Transport,1. On Roadway,No,No,Belted,No,No,No,No,No,No,No,No,No,No,,NOT_RD,Not Intersection,No,No,Yes,No,9. Northern Virginia,76,076. Prince William County,"5-Major Collector (I,4)",3-Two-Way Undivided,Urban,VDOT Secondary,7,1. State Hwy Agency,Northern Virginia,NOVA,R-VA076SC01270SB,1.06,547021.0,282.61,-77.255653305,38.651588335,Visible Injury,All Other,All Other
776587,221545337,2022,5/7/2022 4:00:00 AM,115,B,0,0,1,1,2,0,0,2,1. Rear End,5. Rain,4. Darkness - Road Lighted,2. Wet,1. Main-Line Roadway,1. Straight - Level,"2. Blacktop, Asphalt, Bituminous",1. No Defects,"3. Two-Way, Divided, Positive Median Barrier",1. Not at Intersection,6. Traffic Lanes Marked,1. Yes - Working,2. No,,,3. No,42. Other Non-Collision,1. On Roadway,Yes,No,Belted,No,No,No,No,No,No,No,No,No,Yes,25.0,NOT_RD,Not Intersection,No,No,Yes,Yes,9. Northern Virginia,76,076. Prince William County,"1-Interstate (A,1)",4-Two-Way Divided,Urban,VDOT Interstate,7,1. State Hwy Agency,Northern Virginia,NOVA,R-VA   IS00095SB,161.01,,,-77.251742974,38.670831897,Visible Injury,All Other,All Other
776644,230055102,2022,12/30/2022 5:00:00 AM,1720,B,0,0,1,1,2,0,0,2,1. Rear End,1. No Adverse Condition (Clear/Cloudy),4. Darkness - Road Lighted,1. Dry,10. Intersection Related - Within 150 Feet,1. Straight - Level,"2. Blacktop, Asphalt, Bituminous",1. No Defects,"2. Two-Way, Divided, Unprotected Median",4. Four Approaches,3. Traffic Signal,1. Yes - Working,2. No,,,3. No,20. Motor Vehicle In Transport,1. On Roadway,No,No,Belted,No,Yes,No,No,No,No,No,No,No,No,,NOT_RD,VDOT Intersection,No,No,Yes,Yes,9. Northern Virginia,76,076. Prince William County,"4-Minor Arterial (H,3)",4-Two-Way Divided,Urban,VDOT Secondary,7,1. State Hwy Agency,Northern Virginia,NOVA,R-VA076SC00641WB,0.01,703565.0,138.41,-77.336010087,38.6729504830001,Visible Injury,All Other,All Other
776672,221175134,2022,4/25/2022 4:00:00 AM,1640,B,0,0,1,0,1,0,0,2,1. Rear End,1. No Adverse Condition (Clear/Cloudy),2. Daylight,1. Dry,9. Within Intersection,3. Grade - Straight,"2. Blacktop, Asphalt, Bituminous",1. No Defects,"3. Two-Way, Divided, Positive Median Barrier",4. Four Approaches,3. Traffic Signal,1. Yes - Working,2. No,,,3. No,20. Motor Vehicle In Transport,1. On Roadway,No,No,Belted,No,No,No,No,No,No,No,No,No,Yes,30.0,NOT_RD,VDOT Intersection,No,No,Yes,No,9. Northern Virginia,76,076. Prince William County,"3-Principal Arterial - Other (E,2)",4-Two-Way Divided,Urban,VDOT Primary,7,1. State Hwy Agency,Northern Virginia,NOVA,R-VA   SR00294EB,9.97,546295.0,5.24,-77.3445921749999,38.6761638360001,Visible Injury,All Other,All Other
776744,223005122,2022,10/27/2022 4:00:00 AM,650,B,0,0,1,0,1,0,0,2,1. Rear End,1. No Adverse Condition (Clear/Cloudy),2. Daylight,1. Dry,8. Non-Intersection,1. Straight - Level,"2. Blacktop, Asphalt, Bituminous",1. No Defects,"3. Two-Way, Divided, Positive Median Barrier",1. Not at Intersection,6. Traffic Lanes Marked,1. Yes - Working,1. Yes,3. Activity Area,3. Work on Shoulder or Median,3. No,20. Motor Vehicle In Transport,1. On Roadway,No,No,Belted,No,Yes,No,No,No,No,No,No,No,No,,NOT_RD,Not Intersection,No,No,Yes,No,9. Northern Virginia,76,076. Prince William County,2-Principal Arterial - Other Freeways and Expressways (B),4-Two-Way Divided,Urban,VDOT Primary,7,1. State Hwy Agency,Northern Virginia,NOVA,R-VA   SR00234SB,22.52,,,-77.562386534,38.7932308810001,Visible Injury,All Other,All Other
776798,220625089,2022,2/28/2022 5:00:00 AM,1620,B,0,0,1,1,2,0,0,2,2. Angle,1. No Adverse Condition (Clear/Cloudy),2. Daylight,1. Dry,8. Non-Intersection,1. Straight - Level,"2. Blacktop, Asphalt, Bituminous",1. No Defects,"2. Two-Way, Divided, Unprotected Median",1. Not at Intersection,6. Traffic Lanes Marked,1. Yes - Working,2. No,,,3. No,20. Motor Vehicle In Transport,1. On Roadway,No,No,Belted,No,No,No,No,No,No,No,No,No,No,,NOT_RD,VDOT Intersection,No,No,Yes,No,9. Northern Virginia,76,076. Prince William County,"5-Major Collector (I,4)",4-Two-Way Divided,Urban,VDOT Secondary,7,1. State Hwy Agency,Northern Virginia,NOVA,R-VA076SC01566WB,5.76,719678.0,58.77,-77.511778348,38.7882025280001,Visible Injury,All Other,All Other
776897,223205090,2022,11/15/2022 5:00:00 AM,1600,B,0,0,3,0,3,0,0,3,2. Angle,5. Rain,2. Daylight,2. Wet,9. Within Intersection,1. Straight - Level,"2. Blacktop, Asphalt, Bituminous",1. No Defects,"3. Two-Way, Divided, Positive Median Barrier",4. Four Approaches,6. Traffic Lanes Marked,1. Yes - Working,2. No,,,3. No,20. Motor Vehicle In Transport,1. On Roadway,No,No,Belted,No,No,No,No,No,No,No,No,No,No,,NOT_RD,VDOT Intersection,Yes,No,Yes,No,9. Northern Virginia,76,076. Prince William County,"3-Principal Arterial - Other (E,2)",4-Two-Way Divided,Urban,VDOT Primary,7,1. State Hwy Agency,Northern Virginia,NOVA,R-VA   SR00234NB,12.54,549468.0,15.94,-77.4425651349999,38.6960501250001,Visible Injury,All Other,All Other
776961,220485071,2022,2/16/2022 5:00:00 AM,1807,B,0,0,3,0,3,0,0,2,2. Angle,1. No Adverse Condition (Clear/Cloudy),4. Darkness - Road Lighted,1. Dry,9. Within Intersection,1. Straight - Level,"2. Blacktop, Asphalt, Bituminous",1. No Defects,"2. Two-Way, Divided, Unprotected Median",4. Four Approaches,3. Traffic Signal,1. Yes - Working,2. No,,,3. No,20. Motor Vehicle In Transport,1. On Roadway,No,No,Belted,No,No,No,No,No,No,No,No,No,No,,NOT_RD,VDOT Intersection,No,No,Yes,Yes,9. Northern Virginia,76,076. Prince William County,"3-Principal Arterial - Other (E,2)",4-Two-Way Divided,Urban,VDOT Primary,7,1. State Hwy Agency,Northern Virginia,NOVA,R-VA   US00001NB,166.7,546102.0,39.19,-77.336419728,38.545893795,Visible Injury,All Other,All Other
777211,222535038,2022,9/9/2022 4:00:00 AM,2150,B,0,0,1,2,3,0,0,3,2. Angle,1. No Adverse Condition (Clear/Cloudy),5. Darkness - Road Not Lighted,1. Dry,8. Non-Intersection,1. Straight - Level,"2. Blacktop, Asphalt, Bituminous",1. No Defects,"3. Two-Way, Divided, Positive Median Barrier",1. Not at Intersection,6. Traffic Lanes Marked,1. Yes - Working,1. Yes,3. Activity Area,3. Work on Shoulder or Median,3. No,20. Motor Vehicle In Transport,1. On Roadway,No,No,Belted,No,No,No,No,No,No,Yes,No,No,Yes,15.0,NOT_RD,Not Intersection,Yes,No,Yes,Yes,9. Northern Virginia,76,076. Prince William County,"1-Interstate (A,1)",4-Two-Way Divided,Urban,VDOT Interstate,7,1. State Hwy Agency,Northern Virginia,NOVA,R-VA   IS00066WB,49.04,,,-77.4971886659999,38.807587088,Visible Injury,All Other,All Other
777343,220345127,2022,2/1/2022 5:00:00 AM,2115,B,0,0,1,0,1,0,0,2,2. Angle,1. No Adverse Condition (Clear/Cloudy),5. Darkness - Road Not Lighted,1. Dry,9. Within Intersection,3. Grade - Straight,"2. Blacktop, Asphalt, Bituminous",1. No Defects,"1. Two-Way, Not Divided",4. Four Approaches,4. Stop Sign,1. Yes - Working,2. No,,,3. No,20. Motor Vehicle In Transport,1. On Roadway,No,No,Belted,No,No,No,No,No,No,No,No,No,No,,NOT_RD,VDOT Intersection,No,No,Yes,Yes,9. Northern Virginia,76,076. Prince William County,"3-Principal Arterial - Other (E,2)",3-Two-Way Undivided,Urban,VDOT Primary,7,1. State Hwy Agency,Northern Virginia,NOVA,R-VA   SR00028NB,25.97,547395.0,5.29,-77.4500337599999,38.7825305590001,Visible Injury,All Other,All Other
777460,223585080,2022,12/23/2022 5:00:00 AM,1209,C,0,0,0,1,1,0,0,2,1. Rear End,1. No Adverse Condition (Clear/Cloudy),2. Daylight,1. Dry,8. Non-Intersection,1. Straight - Level,"2. Blacktop, Asphalt, Bituminous",1. No Defects,"3. Two-Way, Divided, Positive Median Barrier",1. Not at Intersection,17. Highway Safety Corridor,1. Yes - Working,2. No,,,3. No,20. Motor Vehicle In Transport,1. On Roadway,No,No,Belted,No,Yes,No,No,No,No,No,No,No,No,,NOT_RD,Not Intersection,No,No,Yes,No,9. Northern Virginia,76,076. Prince William County,"1-Interstate (A,1)",4-Two-Way Divided,Urban,VDOT Interstate,7,1. State Hwy Agency,Northern Virginia,NOVA,R-VA   IS00095SB,152.66,,,-77.331139148,38.5726329280001,Nonvisible Injury,All Other,All Other
777513,223535217,2022,12/16/2022 5:00:00 AM,1813,B,0,0,1,1,2,0,0,2,1. Rear End,1. No Adverse Condition (Clear/Cloudy),4. Darkness - Road Lighted,1. Dry,1. Main-Line Roadway,1. Straight - Level,"2. Blacktop, Asphalt, Bituminous",1. No Defects,"3. Two-Way, Divided, Positive Median Barrier",1. Not at Intersection,1. No Traffic Control,6. No Traffic Control Device Present,2. No,,,3. No,20. Motor Vehicle In Transport,1. On Roadway,No,No,Belted,No,No,No,No,No,No,No,No,No,No,,NOT_RD,VDOT Intersection,No,Yes,Yes,Yes,9. Northern Virginia,76,076. Prince William County,"3-Principal Arterial - Other (E,2)",4-Two-Way Divided,Urban,VDOT Primary,7,1. State Hwy Agency,Northern Virginia,NOVA,R-VA   US00001SB,172.08,546228.0,125.31,-77.289770263,38.6123924880001,Visible Injury,All Other,All Other
777526,223055158,2022,10/31/2022 4:00:00 AM,1926,B,0,0,1,1,2,0,0,2,2. Angle,5. Rain,4. Darkness - Road Lighted,2. Wet,9. Within Intersection,1. Straight - Level,"2. Blacktop, Asphalt, Bituminous",1. No Defects,"3. Two-Way, Divided, Positive Median Barrier",4. Four Approaches,3. Traffic Signal,1. Yes - Working,2. No,,,3. No,20. Motor Vehicle In Transport,1. On Roadway,No,No,Belted,No,No,No,No,No,No,No,No,No,No,,NOT_RD,VDOT Intersection,No,No,Yes,Yes,9. Northern Virginia,76,076. Prince William County,"3-Principal Arterial - Other (E,2)",4-Two-Way Divided,Urban,VDOT Primary,7,1. State Hwy Agency,Northern Virginia,NOVA,R-VA   SR00123SB,0.96,546572.0,58.28,-77.2545281659999,38.6741569390001,Visible Injury,All Other,All Other
777581,222875277,2022,10/14/2022 4:00:00 AM,619,B,0,0,2,0,2,0,0,2,2. Angle,1. No Adverse Condition (Clear/Cloudy),5. Darkness - Road Not Lighted,1. Dry,9. Within Intersection,1. Straight - Level,"2. Blacktop, Asphalt, Bituminous",4. Under Repair,"1. Two-Way, Not Divided",4. Four Approaches,4. Stop Sign,1. Yes - Working,1. Yes,3. Activity Area,3. Work on Shoulder or Median,3. No,20. Motor Vehicle In Transport,1. On Roadway,No,No,Belted,No,No,No,No,No,No,No,No,No,No,,NOT_RD,VDOT Intersection,No,No,Yes,Yes,9. Northern Virginia,76,076. Prince William County,"4-Minor Arterial (H,3)",3-Two-Way Undivided,Urban,VDOT Secondary,7,1. State Hwy Agency,Northern Virginia,NOVA,R-VA076SC00621EB,3.38,546136.0,5.15,-77.5433692889999,38.7928776410001,Visible Injury,All Other,All Other
777625,221515108,2022,5/18/2022 4:00:00 AM,834,B,0,0,1,0,1,0,0,4,1. Rear End,1. No Adverse Condition (Clear/Cloudy),2. Daylight,1. Dry,10. Intersection Related - Within 150 Feet,1. Straight - Level,"2. Blacktop, Asphalt, Bituminous",1. No Defects,"2. Two-Way, Divided, Unprotected Median",3. Three Approaches,6. Traffic Lanes Marked,1. Yes - Working,2. No,,,3. No,20. Motor Vehicle In Transport,1. On Roadway,No,No,Belted,No,Yes,No,No,No,No,No,No,No,No,,NOT_RD,VDOT Intersection,No,No,Yes,No,9. Northern Virginia,76,076. Prince William County,"3-Principal Arterial - Other (E,2)",4-Two-Way Divided,Urban,VDOT Primary,7,1. State Hwy Agency,Northern Virginia,NOVA,R-VA   SR00234NB,11.74,746019.0,101.92,-77.441167843,38.684622602,Visible Injury,All Other,All Other
777669,222155090,2022,8/2/2022 4:00:00 AM,1000,B,0,0,1,2,3,0,0,2,1. Rear End,1. No Adverse Condition (Clear/Cloudy),2. Daylight,1. Dry,1. Main-Line Roadway,1. Straight - Level,"2. Blacktop, Asphalt, Bituminous",1. No Defects,"3. Two-Way, Divided, Positive Median Barrier",1. Not at Intersection,3. Traffic Signal,1. Yes - Working,2. No,,,3. No,20. Motor Vehicle In Transport,1. On Roadway,No,No,Belted,No,No,No,No,No,No,No,No,No,No,,NOT_RD,VDOT Intersection,No,No,Yes,No,9. Northern Virginia,76,076. Prince William County,"4-Minor Arterial (H,3)",4-Two-Way Divided,Urban,VDOT Secondary,7,1. State Hwy Agency,Northern Virginia,NOVA,R-VA076SC01566EB,5.23,704407.0,145.36,-77.518946553,38.7832995380001,Visible Injury,All Other,All Other
777734,221165126,2022,4/24/2022 4:00:00 AM,1245,B,0,0,1,0,1,0,0,2,1. Rear End,1. No Adverse Condition (Clear/Cloudy),2. Daylight,1. Dry,8. Non-Intersection,1. Straight - Level,"2. Blacktop, Asphalt, Bituminous",1. No Defects,"2. Two-Way, Divided, Unprotected Median",1. Not at Intersection,3. Traffic Signal,1. Yes - Working,2. No,,,3. No,20. Motor Vehicle In Transport,1. On Roadway,No,No,Belted,No,No,No,No,No,No,No,No,No,No,,NOT_RD,VDOT Intersection,No,No,Yes,No,9. Northern Virginia,76,076. Prince William County,"5-Major Collector (I,4)",4-Two-Way Divided,Urban,VDOT Secondary,7,1. State Hwy Agency,Northern Virginia,NOVA,R-VA076SC00638WB,0.18,1270606.0,198.35,-77.283743076,38.631954896,Visible Injury,All Other,All Other
777911,222795083,2022,10/3/2022 4:00:00 AM,1828,C,0,0,0,2,2,0,0,2,2. Angle,5. Rain,4. Darkness - Road Lighted,2. Wet,8. Non-Intersection,1. Straight - Level,"2. Blacktop, Asphalt, Bituminous",1. No Defects,"2. Two-Way, Divided, Unprotected Median",1. Not at Intersection,6. Traffic Lanes Marked,1. Yes - Working,2. No,,,3. No,35. Cross Median,1. On Roadway,No,No,Belted,No,No,No,No,No,No,No,No,No,Yes,25.0,NOT_RD,VDOT Intersection,No,No,Yes,Yes,9. Northern Virginia,76,076. Prince William County,"5-Major Collector (I,4)",4-Two-Way Divided,Urban,VDOT Secondary,7,1. State Hwy Agency,Northern Virginia,NOVA,R-VA076SC02480NB,1.03,704344.0,70.27,-77.313311198,38.6290113330001,Nonvisible Injury,All Other,All Other
777966,222345214,2022,8/18/2022 4:00:00 AM,655,B,0,0,2,0,2,0,0,2,2. Angle,1. No Adverse Condition (Clear/Cloudy),2. Daylight,1. Dry,9. Within Intersection,3. Grade - Straight,"2. Blacktop, Asphalt, Bituminous",1. No Defects,"2. Two-Way, Divided, Unprotected Median",4. Four Approaches,3. Traffic Signal,1. Yes - Working,2. No,,,3. No,20. Motor Vehicle In Transport,1. On Roadway,No,No,Belted,No,No,No,No,No,No,No,No,No,No,,NOT_RD,VDOT Intersection,No,No,Yes,No,9. Northern Virginia,76,076. Prince William County,"3-Principal Arterial - Other (E,2)",4-Two-Way Divided,Urban,VDOT Primary,7,1. State Hwy Agency,Northern Virginia,NOVA,R-VA   US00029SB,217.67,1263591.0,65.19,-77.622970018,38.793351644,Visible Injury,All Other,All Other
778005,222055008,2022,7/22/2022 4:00:00 AM,2034,B,0,0,1,0,1,0,0,1,9. Fixed Object - Off Road,1. No Adverse Condition (Clear/Cloudy),2. Daylight,1. Dry,8. Non-Intersection,1. Straight - Level,"2. Blacktop, Asphalt, Bituminous",1. No Defects,"2. Two-Way, Divided, Unprotected Median",1. Not at Intersection,3. Traffic Signal,1. Yes - Working,2. No,,,3. No,"8. Sign, Traffic Signal",2. Shoulder,No,No,Belted,No,Yes,No,Yes,No,No,No,No,No,No,,RD_RIGHT,Not Intersection,Yes,No,Yes,No,9. Northern Virginia,76,076. Prince William County,"4-Minor Arterial (H,3)",4-Two-Way Divided,Urban,VDOT Primary,7,1. State Hwy Agency,Northern Virginia,NOVA,R-VA   US00029NB,219.91,,,-77.583667654,38.803459316,Visible Injury,All Other,All Other
778088,223325132,2022,11/23/2022 5:00:00 AM,2000,B,0,0,1,0,1,0,0,1,9. Fixed Object - Off Road,1. No Adverse Condition (Clear/Cloudy),5. Darkness - Road Not Lighted,1. Dry,9. Within Intersection,1. Straight - Level,"2. Blacktop, Asphalt, Bituminous",1. No Defects,"1. Two-Way, Not Divided",3. Three Approaches,4. Stop Sign,1. Yes - Working,2. No,,,3. No,1. Bank Or Ledge,1. On Roadway,No,No,Belted,No,No,No,No,No,No,No,No,No,Yes,10.0,NOT_RD,VDOT Intersection,No,No,Yes,Yes,9. Northern Virginia,76,076. Prince William County,"7-Local (J,6)",3-Two-Way Undivided,Rural,VDOT Secondary,7,1. State Hwy Agency,Northern Virginia,NOVA,R-VA076SC00656NB,1.6,546357.0,9.13,-77.5769610849999,38.722465668,Visible Injury,All Other,All Other
778436,222095076,2022,7/25/2022 4:00:00 AM,2044,A,0,1,0,1,2,0,0,2,2. Angle,1. No Adverse Condition (Clear/Cloudy),4. Darkness - Road Lighted,1. Dry,9. Within Intersection,1. Straight - Level,"2. Blacktop, Asphalt, Bituminous",1. No Defects,"2. Two-Way, Divided, Unprotected Median",4. Four Approaches,3. Traffic Signal,1. Yes - Working,2. No,,,3. No,22. Bicycle,1. On Roadway,No,No,Belted,Yes,No,No,No,No,No,No,No,No,No,,NOT_RD,VDOT Intersection,No,No,Yes,Yes,9. Northern Virginia,76,076. Prince William County,"3-Principal Arterial - Other (E,2)",4-Two-Way Divided,Urban,VDOT Primary,7,1. State Hwy Agency,Northern Virginia,NOVA,R-VA   US00001NB,175.41,547021.0,9.43,-77.25629177,38.6521821370001,Severe Injury,Bicycle-related,Bicycle-related
778461,222185074,2022,8/4/2022 4:00:00 AM,1254,B,0,0,2,0,2,0,0,2,1. Rear End,1. No Adverse Condition (Clear/Cloudy),2. Daylight,1. Dry,1. Main-Line Roadway,1. Straight - Level,"2. Blacktop, Asphalt, Bituminous",1. No Defects,"3. Two-Way, Divided, Positive Median Barrier",1. Not at Intersection,17. Highway Safety Corridor,1. Yes - Working,2. No,,,3. No,20. Motor Vehicle In Transport,1. On Roadway,No,No,Belted,No,No,No,No,No,No,No,No,No,Yes,20.0,NOT_RD,Not Intersection,No,No,Yes,No,9. Northern Virginia,76,076. Prince William County,"1-Interstate (A,1)",4-Two-Way Divided,Urban,VDOT Interstate,7,1. State Hwy Agency,Northern Virginia,NOVA,R-VA   IS00095NB,151.6,,,-77.338754595,38.5613251360001,Visible Injury,All Other,All Other
778572,221605228,2022,5/28/2022 4:00:00 AM,1028,A,0,3,2,0,5,0,0,4,2. Angle,1. No Adverse Condition (Clear/Cloudy),2. Daylight,1. Dry,9. Within Intersection,3. Grade - Straight,"2. Blacktop, Asphalt, Bituminous",1. No Defects,"2. Two-Way, Divided, Unprotected Median",4. Four Approaches,3. Traffic Signal,1. Yes - Working,2. No,,,3. No,20. Motor Vehicle In Transport,1. On Roadway,No,No,Belted,No,No,No,No,No,Yes,Yes,No,No,No,,NOT_RD,VDOT Intersection,No,No,Yes,No,9. Northern Virginia,76,076. Prince William County,"3-Principal Arterial - Other (E,2)",4-Two-Way Divided,Urban,VDOT Primary,7,1. State Hwy Agency,Northern Virginia,NOVA,R-VA   US00001NB,170.69,549289.0,110.77,-77.300371168,38.594226742,Severe Injury,All Other,All Other