OBJECTID,Document Nbr,Crash Year,Crash Date,Crash Military Time,Crash Severity,K_People,A_People,B_People,C_People,Persons Injured,Pedestrians Killed,Pedestrians Injured,Vehicle Count,Collision Type,Weather Condition,Light Condition,Roadway Surface Condition,Relation To Roadway,Roadway Alignment,Roadway Surface Type,Roadway Defect,Roadway Description,Intersection Type,Traffic Control Type,Traffic Control Status,Work Zone Related,Work Zone Location,Work Zone Type,School Zone,First Harmful Event,First Harmful Event Loc,Alcohol?,Animal Related?,Unrestrained?,Bike?,Distracted?,Drowsy?,Drug Related?,Guardrail Related?,Hitrun?,Lgtruck?,Motorcycle?,Pedestrian?,Speed?,Max Speed Diff,RoadDeparture Type,Intersection Analysis,Senior?,Young?,Mainline?,Night?,VDOT District,Juris Code,Physical Juris Name,Functional Class,Facility Type,Area Type,SYSTEM,VSP,Ownership,Planning District,MPO Name,RTE Name,RNS MP,Node,Node Offset (ft),x,y,Crash_Severity,type_severity,Type_severity
920764,231285148,2023,5/4/2023 4:00:00 AM,1627,B,0,0,1,0,1,0,0,3,1. Rear End,1. No Adverse Condition (Clear/Cloudy),2. Daylight,1. Dry,9. Within Intersection,1. Straight - Level,"2. Blacktop, Asphalt, Bituminous",1. No Defects,"3. Two-Way, Divided, Positive Median Barrier",4. Four Approaches,3. Traffic Signal,1. Yes - Working,2. No,,,3. No,20. Motor Vehicle In Transport,1. On Roadway,No,No,Belted,No,Yes,No,No,No,No,No,No,No,No,,NOT_RD,VDOT Intersection,No,No,Yes,No,9. Northern Virginia,76,076. Prince William County,"3-Principal Arterial - Other (E,2)",4-Two-Way Divided,Urban,VDOT Primary,7,1. State Hwy Agency,Northern Virginia,NOVA,R-VA   SR00294EB,10.18,546294.0,63.14,-77.341231631,38.6747594500001,Visible Injury,All Other,All Other
920819,230545258,2023,2/22/2023 5:00:00 AM,1046,B,0,0,1,1,2,0,0,2,2. Angle,1. No Adverse Condition (Clear/Cloudy),2. Daylight,2. Wet,9. Within Intersection,1. Straight - Level,"2. Blacktop, Asphalt, Bituminous",1. No Defects,"2. Two-Way, Divided, Unprotected Median",4. Four Approaches,3. Traffic Signal,1. Yes - Working,2. No,,,3. No,20. Motor Vehicle In Transport,1. On Roadway,No,No,Belted,No,No,No,No,No,No,No,No,No,No,,NOT_RD,VDOT Intersection,No,No,Yes,No,9. Northern Virginia,76,076. Prince William County,"4-Minor Arterial (H,3)",4-Two-Way Divided,Urban,VDOT Secondary,7,1. State Hwy Agency,Northern Virginia,NOVA,R-VA076SC00640EB,6.64,703264.0,12.83,-77.30157282,38.6584632060001,Visible Injury,All Other,All Other
920869,231715183,2023,6/10/2023 4:00:00 AM,1438,B,0,0,1,1,2,0,0,2,2. Angle,1. No Adverse Condition (Clear/Cloudy),2. Daylight,1. Dry,9. Within Intersection,1. Straight - Level,"2. Blacktop, Asphalt, Bituminous",1. No Defects,"2. Two-Way, Divided, Unprotected Median",4. Four Approaches,6. Traffic Lanes Marked,1. Yes - Working,2. No,,,3. No,20. Motor Vehicle In Transport,1. On Roadway,No,No,Belted,No,No,No,No,No,No,No,No,No,No,,NOT_RD,VDOT Intersection,No,Yes,Yes,No,9. Northern Virginia,76,076. Prince William County,"5-Major Collector (I,4)",4-Two-Way Divided,Urban,VDOT Secondary,7,1. State Hwy Agency,Northern Virginia,NOVA,R-VA076SC02502WB,0.76,740933.0,72.11,-77.627089583,38.815388548,Visible Injury,All Other,All Other
920984,232685198,2023,9/23/2023 4:00:00 AM,1300,C,0,0,0,1,1,0,0,2,3. Head On,5. Rain,2. Daylight,2. Wet,10. Intersection Related - Within 150 Feet,2. Curve - Level,"2. Blacktop, Asphalt, Bituminous",1. No Defects,"1. Two-Way, Not Divided",4. Four Approaches,1. No Traffic Control,6. No Traffic Control Device Present,2. No,,,3. No,20. Motor Vehicle In Transport,1. On Roadway,No,No,Belted,No,Yes,No,No,No,No,No,No,No,No,,NOT_RD,Urban Intersection,No,No,Yes,No,9. Northern Virginia,76,076. Prince William County,,,Urban,NonVDOT secondary,7,6. Private/Unknown Roads,Northern Virginia,NOVA,S-VA076PR CHAPOWHITE DR,0.19,,,-77.35532168,38.6740892110001,Nonvisible Injury,All Other,All Other
921130,232515084,2023,9/6/2023 4:00:00 AM,1845,B,0,0,1,0,1,0,0,2,2. Angle,1. No Adverse Condition (Clear/Cloudy),3. Dusk,1. Dry,8. Non-Intersection,3. Grade - Straight,"2. Blacktop, Asphalt, Bituminous",1. No Defects,"2. Two-Way, Divided, Unprotected Median",1. Not at Intersection,6. Traffic Lanes Marked,1. Yes - Working,2. No,,,3. No,20. Motor Vehicle In Transport,1. On Roadway,Yes,No,Belted,No,No,No,No,No,No,Yes,No,No,No,,NOT_RD,Not Intersection,No,No,Yes,No,9. Northern Virginia,76,076. Prince William County,"3-Principal Arterial - Other (E,2)",4-Two-Way Divided,Urban,VDOT Primary,7,1. State Hwy Agency,Northern Virginia,NOVA,R-VA   SR00294WB,10.38,703565.0,363.48,-77.337562572,38.6733786680001,Visible Injury,All Other,All Other
921140,240035112,2023,12/21/2023 5:00:00 AM,854,B,0,0,1,1,2,0,0,2,1. Rear End,1. No Adverse Condition (Clear/Cloudy),2. Daylight,1. Dry,10. Intersection Related - Within 150 Feet,1. Straight - Level,"2. Blacktop, Asphalt, Bituminous",1. No Defects,"2. Two-Way, Divided, Unprotected Median",4. Four Approaches,3. Traffic Signal,1. Yes - Working,2. No,,,3. No,20. Motor Vehicle In Transport,1. On Roadway,No,No,Belted,No,No,No,No,No,No,No,No,No,No,,NOT_RD,VDOT Intersection,No,No,Yes,No,9. Northern Virginia,76,076. Prince William County,"4-Minor Arterial (H,3)",4-Two-Way Divided,Urban,VDOT Primary,7,1. State Hwy Agency,Northern Virginia,NOVA,R-VA   SR00234SBBUS001,6.96,546133.0,145.63,-77.518480993,38.79819753,Visible Injury,All Other,All Other
921168,231535264,2023,5/16/2023 4:00:00 AM,2227,B,0,0,1,0,1,0,0,3,16. Other,1. No Adverse Condition (Clear/Cloudy),4. Darkness - Road Lighted,1. Dry,2. Acceleration/Deceleration Lanes,1. Straight - Level,"2. Blacktop, Asphalt, Bituminous",1. No Defects,"3. Two-Way, Divided, Positive Median Barrier",1. Not at Intersection,6. Traffic Lanes Marked,1. Yes - Working,2. No,,,3. No,20. Motor Vehicle In Transport,1. On Roadway,No,No,Belted,No,No,No,No,No,No,Yes,No,No,Yes,25.0,NOT_RD,Not Intersection,No,No,Yes,Yes,9. Northern Virginia,76,076. Prince William County,"1-Interstate (A,1)",4-Two-Way Divided,Urban,VDOT Interstate,7,1. State Hwy Agency,Northern Virginia,NOVA,R-VA   IS00095SB,160.77,,,-77.256925177,38.66996111,Visible Injury,All Other,All Other
921335,233395216,2023,3/2/2023 5:00:00 AM,1754,B,0,0,1,0,1,0,0,2,16. Other,1. No Adverse Condition (Clear/Cloudy),4. Darkness - Road Lighted,1. Dry,9. Within Intersection,2. Curve - Level,"2. Blacktop, Asphalt, Bituminous",1. No Defects,"1. Two-Way, Not Divided",3. Three Approaches,13. Other,1. Yes - Working,2. No,,,3. No,27. Other,1. On Roadway,No,No,Belted,No,Yes,No,No,No,Yes,No,No,No,No,,NOT_RD,Not Intersection,No,No,Yes,Yes,9. Northern Virginia,76,076. Prince William County,"7-Local (J,6)",3-Two-Way Undivided,Urban,VDOT Secondary,7,1. State Hwy Agency,Northern Virginia,NOVA,R-VA076SC02840EB,0.22,,,-77.454314043,38.7952365790001,Visible Injury,All Other,All Other
921373,230765077,2023,3/6/2023 5:00:00 AM,744,B,0,0,1,0,1,0,0,2,2. Angle,1. No Adverse Condition (Clear/Cloudy),2. Daylight,1. Dry,8. Non-Intersection,4. Grade - Curve,"2. Blacktop, Asphalt, Bituminous",1. No Defects,"1. Two-Way, Not Divided",1. Not at Intersection,1. No Traffic Control,6. No Traffic Control Device Present,2. No,,,3. No,20. Motor Vehicle In Transport,1. On Roadway,No,No,Belted,No,No,No,No,No,No,No,No,No,No,,NOT_RD,Not Intersection,No,Yes,Yes,No,9. Northern Virginia,76,076. Prince William County,"7-Local (J,6)",3-Two-Way Undivided,Urban,VDOT Secondary,7,1. State Hwy Agency,Northern Virginia,NOVA,R-VA076SC01913WB,0.2,,,-77.338535483,38.670831906,Visible Injury,All Other,All Other
921439,233335131,2023,11/28/2023 5:00:00 AM,1201,B,0,0,3,1,4,0,0,3,2. Angle,1. No Adverse Condition (Clear/Cloudy),2. Daylight,1. Dry,9. Within Intersection,1. Straight - Level,"2. Blacktop, Asphalt, Bituminous",1. No Defects,"2. Two-Way, Divided, Unprotected Median",4. Four Approaches,3. Traffic Signal,1. Yes - Working,2. No,,,3. No,20. Motor Vehicle In Transport,1. On Roadway,No,No,Belted,No,No,No,No,No,No,No,No,No,No,,NOT_RD,VDOT Intersection,No,No,Yes,No,9. Northern Virginia,76,076. Prince William County,"4-Minor Arterial (H,3)",4-Two-Way Divided,Urban,VDOT Secondary,7,1. State Hwy Agency,Northern Virginia,NOVA,R-VA076SC02000EB,3.93,711602.0,19.55,-77.2953659249999,38.637455081,Visible Injury,All Other,All Other
921465,230815047,2023,3/20/2023 4:00:00 AM,1604,A,0,1,0,0,1,0,0,1,9. Fixed Object - Off Road,1. No Adverse Condition (Clear/Cloudy),2. Daylight,1. Dry,8. Non-Intersection,1. Straight - Level,"2. Blacktop, Asphalt, Bituminous",1. No Defects,"1. Two-Way, Not Divided",1. Not at Intersection,6. Traffic Lanes Marked,1. Yes - Working,2. No,,,3. No,2. Trees,2. Shoulder,No,No,Unbelted,No,No,No,No,No,No,No,No,No,No,,NOT_RD,VDOT Intersection,No,No,Yes,No,9. Northern Virginia,76,076. Prince William County,6-Minor Collector (5),3-Two-Way Undivided,Rural,VDOT Secondary,7,1. State Hwy Agency,Northern Virginia,NOVA,R-VA076SC00652EB,1.2,546355.0,142.66,-77.6228080819999,38.716900391,Severe Injury,All Other,All Other
921510,230585110,2023,2/25/2023 5:00:00 AM,1348,B,0,0,1,0,1,0,0,2,2. Angle,1. No Adverse Condition (Clear/Cloudy),2. Daylight,2. Wet,9. Within Intersection,1. Straight - Level,"2. Blacktop, Asphalt, Bituminous",1. No Defects,"2. Two-Way, Divided, Unprotected Median",4. Four Approaches,3. Traffic Signal,1. Yes - Working,2. No,,,3. No,22. Bicycle,1. On Roadway,No,No,Belted,Yes,Yes,No,No,No,No,No,No,No,No,,NOT_RD,VDOT Intersection,No,No,Yes,No,9. Northern Virginia,76,076. Prince William County,"4-Minor Arterial (H,3)",4-Two-Way Divided,Urban,VDOT Secondary,7,1. State Hwy Agency,Northern Virginia,NOVA,R-VA076SC00784WB,1.7,546663.0,75.5,-77.368955424,38.659519634,Visible Injury,Bicycle-related,Bicycle-related
921775,231355159,2023,5/12/2023 4:00:00 AM,2100,A,0,1,0,2,3,0,0,2,2. Angle,1. No Adverse Condition (Clear/Cloudy),4. Darkness - Road Lighted,1. Dry,9. Within Intersection,1. Straight - Level,"2. Blacktop, Asphalt, Bituminous",1. No Defects,"2. Two-Way, Divided, Unprotected Median",4. Four Approaches,3. Traffic Signal,1. Yes - Working,2. No,,,3. No,20. Motor Vehicle In Transport,1. On Roadway,No,No,Belted,No,No,No,No,No,No,No,No,No,No,,NOT_RD,VDOT Intersection,No,No,Yes,Yes,9. Northern Virginia,76,076. Prince William County,"5-Major Collector (I,4)",4-Two-Way Divided,Urban,VDOT Secondary,7,1. State Hwy Agency,Northern Virginia,NOVA,R-VA076SC00674WB,2.64,749049.0,28.06,-77.566219593,38.783193645,Severe Injury,All Other,All Other
921844,232495169,2023,8/27/2023 4:00:00 AM,126,B,0,0,2,0,2,0,0,2,2. Angle,1. No Adverse Condition (Clear/Cloudy),4. Darkness - Road Lighted,1. Dry,9. Within Intersection,1. Straight - Level,"2. Blacktop, Asphalt, Bituminous",1. No Defects,"2. Two-Way, Divided, Unprotected Median",4. Four Approaches,3. Traffic Signal,1. Yes - Working,2. No,,,3. No,20. Motor Vehicle In Transport,1. On Roadway,Yes,No,Belted,No,No,No,No,No,No,No,No,No,Yes,11.0,NOT_RD,VDOT Intersection,No,No,Yes,Yes,9. Northern Virginia,76,076. Prince William County,"5-Major Collector (I,4)",4-Two-Way Divided,Urban,VDOT Secondary,7,1. State Hwy Agency,Northern Virginia,NOVA,R-VA076SC00674EB,4.87,722677.0,69.9,-77.534911725,38.7665048690001,Visible Injury,All Other,All Other
921888,231285157,2023,5/6/2023 4:00:00 AM,737,A,0,1,2,0,3,0,0,2,2. Angle,1. No Adverse Condition (Clear/Cloudy),2. Daylight,1. Dry,9. Within Intersection,1. Straight - Level,"2. Blacktop, Asphalt, Bituminous",1. No Defects,"2. Two-Way, Divided, Unprotected Median",4. Four Approaches,3. Traffic Signal,1. Yes - Working,2. No,,,3. No,20. Motor Vehicle In Transport,1. On Roadway,No,No,Belted,No,No,No,No,No,No,Yes,No,No,No,,NOT_RD,VDOT Intersection,Yes,No,Yes,No,9. Northern Virginia,76,076. Prince William County,2-Principal Arterial - Other Freeways and Expressways (B),4-Two-Way Divided,Urban,VDOT Primary,7,1. State Hwy Agency,Northern Virginia,NOVA,R-VA   SR00234NB,19.09,734542.0,5.02,-77.5279112059999,38.754509076,Severe Injury,All Other,All Other
921923,231115114,2023,4/20/2023 4:00:00 AM,2325,B,0,0,2,0,2,0,0,2,2. Angle,1. No Adverse Condition (Clear/Cloudy),4. Darkness - Road Lighted,1. Dry,9. Within Intersection,1. Straight - Level,"2. Blacktop, Asphalt, Bituminous",1. No Defects,"2. Two-Way, Divided, Unprotected Median",3. Three Approaches,3. Traffic Signal,1. Yes - Working,2. No,,,3. No,20. Motor Vehicle In Transport,1. On Roadway,No,No,Belted,No,No,No,No,No,No,No,No,No,No,,NOT_RD,VDOT Intersection,No,No,Yes,Yes,9. Northern Virginia,76,076. Prince William County,"4-Minor Arterial (H,3)",4-Two-Way Divided,Urban,VDOT Secondary,7,1. State Hwy Agency,Northern Virginia,NOVA,R-VA076SC00610NB,6.01,546052.0,4.59,-77.3510008219999,38.6339646490001,Visible Injury,All Other,All Other
922214,233035398,2023,10/30/2023 4:00:00 AM,650,B,0,0,1,0,1,0,0,2,1. Rear End,1. No Adverse Condition (Clear/Cloudy),1. Dawn,1. Dry,8. Non-Intersection,1. Straight - Level,"2. Blacktop, Asphalt, Bituminous",1. No Defects,"2. Two-Way, Divided, Unprotected Median",1. Not at Intersection,6. Traffic Lanes Marked,1. Yes - Working,2. No,,,3. No,20. Motor Vehicle In Transport,1. On Roadway,No,No,Belted,No,No,No,No,No,No,No,No,No,No,,RD_UNKNOWN,Not Intersection,Yes,No,Yes,No,9. Northern Virginia,76,076. Prince William County,"5-Major Collector (I,4)",4-Two-Way Divided,Urban,VDOT Secondary,7,1. State Hwy Agency,Northern Virginia,NOVA,R-VA076SC03300NB,0.09,,,-77.3635261059999,38.6608235900001,Visible Injury,All Other,All Other
922238,231435112,2023,5/16/2023 4:00:00 AM,1815,B,0,0,1,1,2,0,0,4,2. Angle,4. Mist,2. Daylight,1. Dry,9. Within Intersection,1. Straight - Level,"2. Blacktop, Asphalt, Bituminous",1. No Defects,"2. Two-Way, Divided, Unprotected Median",4. Four Approaches,3. Traffic Signal,1. Yes - Working,2. No,,,3. No,20. Motor Vehicle In Transport,1. On Roadway,No,No,Belted,No,No,No,No,No,No,Yes,No,No,Yes,26.0,NOT_RD,VDOT Intersection,Yes,No,Yes,No,9. Northern Virginia,76,076. Prince William County,"4-Minor Arterial (H,3)",4-Two-Way Divided,Urban,VDOT Secondary,7,1. State Hwy Agency,Northern Virginia,NOVA,R-VA076SC00784EB,4.05,703414.0,16.61,-77.338656629,38.646974588,Visible Injury,All Other,All Other
922247,231985234,2023,7/6/2023 4:00:00 AM,1540,B,0,0,1,0,1,0,0,2,2. Angle,1. No Adverse Condition (Clear/Cloudy),2. Daylight,1. Dry,9. Within Intersection,1. Straight - Level,"2. Blacktop, Asphalt, Bituminous",1. No Defects,"3. Two-Way, Divided, Positive Median Barrier",4. Four Approaches,3. Traffic Signal,1. Yes - Working,2. No,,,3. No,20. Motor Vehicle In Transport,1. On Roadway,No,No,Belted,No,No,No,No,No,No,No,No,No,No,,NOT_RD,VDOT Intersection,No,Yes,Yes,No,9. Northern Virginia,76,076. Prince William County,"7-Local (J,6)",3-Two-Way Undivided,Urban,VDOT Secondary,7,1. State Hwy Agency,Northern Virginia,NOVA,R-VA076SC03991WB,0.0,1037422.0,0.0,-77.296626967,38.5984869660001,Visible Injury,All Other,All Other
922253,232575096,2023,9/4/2023 4:00:00 AM,22,B,0,0,1,1,2,0,0,2,2. Angle,1. No Adverse Condition (Clear/Cloudy),4. Darkness - Road Lighted,1. Dry,9. Within Intersection,1. Straight - Level,"2. Blacktop, Asphalt, Bituminous",1. No Defects,"2. Two-Way, Divided, Unprotected Median",4. Four Approaches,3. Traffic Signal,1. Yes - Working,2. No,,,3. No,20. Motor Vehicle In Transport,1. On Roadway,No,No,Belted,No,No,No,No,No,No,No,No,No,No,,NOT_RD,VDOT Intersection,No,Yes,Yes,Yes,9. Northern Virginia,76,076. Prince William County,"3-Principal Arterial - Other (E,2)",4-Two-Way Divided,Urban,VDOT Primary,7,1. State Hwy Agency,Northern Virginia,NOVA,R-VA   US00001NB,175.42,547021.0,49.32,-77.256129007,38.6522807640001,Visible Injury,All Other,All Other
922269,231775177,2023,6/25/2023 4:00:00 AM,230,B,0,0,1,0,1,0,0,1,8. Non-Collision,1. No Adverse Condition (Clear/Cloudy),4. Darkness - Road Lighted,1. Dry,9. Within Intersection,1. Straight - Level,"2. Blacktop, Asphalt, Bituminous",1. No Defects,"2. Two-Way, Divided, Unprotected Median",4. Four Approaches,3. Traffic Signal,1. Yes - Working,2. No,,,3. No,41. Non-Collision Unknown,1. On Roadway,No,No,Belted,No,No,No,No,No,No,No,Yes,No,No,,NOT_RD,VDOT Intersection,No,No,Yes,Yes,9. Northern Virginia,76,076. Prince William County,"4-Minor Arterial (H,3)",4-Two-Way Divided,Urban,VDOT Secondary,7,1. State Hwy Agency,Northern Virginia,NOVA,R-VA076SC00640EB,3.36,548756.0,123.77,-77.352855013,38.6358157020001,Visible Injury,Motorcycle-related,Motorcycle-related
922420,230965122,2023,3/27/2023 4:00:00 AM,826,B,0,0,3,0,3,0,0,3,1. Rear End,1. No Adverse Condition (Clear/Cloudy),2. Daylight,1. Dry,8. Non-Intersection,1. Straight - Level,"2. Blacktop, Asphalt, Bituminous",1. No Defects,"2. Two-Way, Divided, Unprotected Median",1. Not at Intersection,6. Traffic Lanes Marked,1. Yes - Working,2. No,,,3. No,20. Motor Vehicle In Transport,1. On Roadway,No,No,Belted,No,No,No,No,No,No,No,No,No,No,,NOT_RD,Not Intersection,No,No,Yes,No,9. Northern Virginia,76,076. Prince William County,"5-Major Collector (I,4)",3-Two-Way Undivided,Urban,VDOT Secondary,7,1. State Hwy Agency,Northern Virginia,NOVA,R-VA076SC00906NB,0.19,546962.0,387.84,-77.251464001,38.660535607,Visible Injury,All Other,All Other
922471,230185083,2023,1/16/2023 5:00:00 AM,451,A,0,1,0,1,2,0,0,2,2. Angle,1. No Adverse Condition (Clear/Cloudy),4. Darkness - Road Lighted,1. Dry,9. Within Intersection,1. Straight - Level,"2. Blacktop, Asphalt, Bituminous",1. No Defects,"2. Two-Way, Divided, Unprotected Median",4. Four Approaches,3. Traffic Signal,1. Yes - Working,2. No,,,3. No,20. Motor Vehicle In Transport,1. On Roadway,No,No,Belted,No,No,No,No,No,No,No,No,No,No,,NOT_RD,VDOT Intersection,No,No,Yes,Yes,9. Northern Virginia,76,076. Prince William County,"4-Minor Arterial (H,3)",4-Two-Way Divided,Urban,VDOT Secondary,7,1. State Hwy Agency,Northern Virginia,NOVA,R-VA076SC00640WB,6.0,548864.0,49.27,-77.311928504,38.6540382410001,Severe Injury,All Other,All Other
922625,233315198,2023,11/16/2023 5:00:00 AM,1649,A,0,1,0,0,1,0,1,1,12. Ped,1. No Adverse Condition (Clear/Cloudy),2. Daylight,1. Dry,10. Intersection Related - Within 150 Feet,1. Straight - Level,"2. Blacktop, Asphalt, Bituminous",1. No Defects,"1. Two-Way, Not Divided",3. Three Approaches,4. Stop Sign,1. Yes - Working,2. No,,,3. No,19. Ped,1. On Roadway,No,No,Belted,No,No,No,No,No,No,No,No,Yes,No,,NOT_RD,Urban Intersection,Yes,No,Yes,No,9. Northern Virginia,76,076. Prince William County,,,Urban,NonVDOT secondary,7,6. Private/Unknown Roads,Northern Virginia,NOVA,S-VA076NP SPRING BRANCH BLVD,0.82,,,-77.356561751,38.619504384,Severe Injury,Pedestrian-related,Pedestrian-related
922753,233315199,2023,11/17/2023 5:00:00 AM,1720,A,0,1,1,1,3,0,0,2,2. Angle,1. No Adverse Condition (Clear/Cloudy),4. Darkness - Road Lighted,1. Dry,9. Within Intersection,1. Straight - Level,"2. Blacktop, Asphalt, Bituminous",1. No Defects,"2. Two-Way, Divided, Unprotected Median",4. Four Approaches,3. Traffic Signal,1. Yes - Working,2. No,,,3. No,20. Motor Vehicle In Transport,1. On Roadway,No,No,Belted,No,No,No,No,No,No,No,No,No,Yes,5.0,NOT_RD,VDOT Intersection,No,No,Yes,Yes,9. Northern Virginia,76,076. Prince William County,"7-Local (J,6)",3-Two-Way Undivided,Urban,VDOT Secondary,7,1. State Hwy Agency,Northern Virginia,NOVA,R-VA076SC01362WB,0.0,546774.0,17.98,-77.273943918,38.630771135,Severe Injury,All Other,All Other
922764,232195146,2023,8/4/2023 4:00:00 AM,1334,B,0,0,1,0,1,0,0,1,9. Fixed Object - Off Road,1. No Adverse Condition (Clear/Cloudy),2. Daylight,1. Dry,8. Non-Intersection,4. Grade - Curve,"2. Blacktop, Asphalt, Bituminous",1. No Defects,"2. Two-Way, Divided, Unprotected Median",1. Not at Intersection,6. Traffic Lanes Marked,1. Yes - Working,2. No,,,3. No,2. Trees,"8. Off Roadway, Location Unknown",No,No,Belted,No,Yes,No,No,No,No,No,No,No,Yes,15.0,RD_UNKNOWN,Not Intersection,No,No,Yes,No,9. Northern Virginia,76,076. Prince William County,"5-Major Collector (I,4)",3-Two-Way Undivided,Urban,VDOT Secondary,7,1. State Hwy Agency,Northern Virginia,NOVA,R-VA076SC00649NB,4.62,,,-77.470226598,38.7091313130001,Visible Injury,All Other,All Other
922810,231225099,2023,4/29/2023 4:00:00 AM,639,B,0,0,1,0,1,0,0,2,4. Sideswipe - Same Direction,1. No Adverse Condition (Clear/Cloudy),2. Daylight,1. Dry,8. Non-Intersection,1. Straight - Level,"2. Blacktop, Asphalt, Bituminous",1. No Defects,"3. Two-Way, Divided, Positive Median Barrier",1. Not at Intersection,6. Traffic Lanes Marked,1. Yes - Working,1. Yes,3. Activity Area,3. Work on Shoulder or Median,3. No,20. Motor Vehicle In Transport,1. On Roadway,No,No,Belted,No,No,No,No,No,No,No,No,No,Yes,20.0,NOT_RD,Not Intersection,No,No,Yes,No,9. Northern Virginia,76,076. Prince William County,"1-Interstate (A,1)",4-Two-Way Divided,Urban,VDOT Interstate,7,1. State Hwy Agency,Northern Virginia,NOVA,R-VA   IS00095SB,159.13,,,-77.279099565,38.658234721,Visible Injury,All Other,All Other
923014,231075260,2023,3/22/2023 4:00:00 AM,1825,B,0,0,1,0,1,0,0,2,1. Rear End,1. No Adverse Condition (Clear/Cloudy),3. Dusk,1. Dry,10. Intersection Related - Within 150 Feet,1. Straight - Level,"2. Blacktop, Asphalt, Bituminous",1. No Defects,"2. Two-Way, Divided, Unprotected Median",4. Four Approaches,3. Traffic Signal,1. Yes - Working,2. No,,,3. No,20. Motor Vehicle In Transport,1. On Roadway,No,No,Belted,No,No,No,No,No,No,No,No,No,No,,NOT_RD,VDOT Intersection,No,Yes,Yes,No,9. Northern Virginia,76,076. Prince William County,"4-Minor Arterial (H,3)",4-Two-Way Divided,Urban,VDOT Secondary,7,1. State Hwy Agency,Northern Virginia,NOVA,R-VA076SC00641WB,0.92,546284.0,81.19,-77.3229951,38.680165506,Visible Injury,All Other,All Other
923097,230665214,2023,3/1/2023 5:00:00 AM,936,B,0,0,1,0,1,0,0,2,4. Sideswipe - Same Direction,1. No Adverse Condition (Clear/Cloudy),2. Daylight,1. Dry,8. Non-Intersection,4. Grade - Curve,"2. Blacktop, Asphalt, Bituminous",1. No Defects,"2. Two-Way, Divided, Unprotected Median",1. Not at Intersection,6. Traffic Lanes Marked,1. Yes - Working,2. No,,,3. No,6. Parked Vehicle,7. In Parking Lane or Zone,No,No,Belted,No,No,No,No,No,No,No,No,No,No,,NOT_RD,VDOT Intersection,Yes,No,Yes,No,9. Northern Virginia,76,076. Prince William County,"4-Minor Arterial (H,3)",4-Two-Way Divided,Urban,VDOT Secondary,7,1. State Hwy Agency,Northern Virginia,NOVA,R-VA076SC00784WB,3.26,546656.0,122.63,-77.3424003119999,38.657168359,Visible Injury,All Other,All Other
923209,231465013,2023,5/22/2023 4:00:00 AM,1645,B,0,0,2,0,2,0,0,3,1. Rear End,1. No Adverse Condition (Clear/Cloudy),2. Daylight,1. Dry,8. Non-Intersection,3. Grade - Straight,"2. Blacktop, Asphalt, Bituminous",1. No Defects,"3. Two-Way, Divided, Positive Median Barrier",1. Not at Intersection,6. Traffic Lanes Marked,1. Yes - Working,2. No,,,3. No,20. Motor Vehicle In Transport,1. On Roadway,No,No,Belted,No,No,No,No,No,No,Yes,No,No,No,,NOT_RD,Not Intersection,No,Yes,Yes,No,9. Northern Virginia,76,076. Prince William County,"4-Minor Arterial (H,3)",3-Two-Way Undivided,Urban,VDOT Secondary,7,1. State Hwy Agency,Northern Virginia,NOVA,R-VA076SC00847NB,0.76,1230255.0,296.01,-77.561204575,38.7893932170001,Visible Injury,All Other,All Other
923419,232825075,2023,9/4/2023 4:00:00 AM,1317,B,0,0,1,0,1,0,0,2,2. Angle,1. No Adverse Condition (Clear/Cloudy),2. Daylight,1. Dry,9. Within Intersection,1. Straight - Level,"2. Blacktop, Asphalt, Bituminous",1. No Defects,"1. Two-Way, Not Divided",3. Three Approaches,4. Stop Sign,1. Yes - Working,2. No,,,3. No,20. Motor Vehicle In Transport,1. On Roadway,No,No,Belted,No,No,No,No,No,No,No,No,No,No,,NOT_RD,Not Intersection,No,Yes,Yes,No,9. Northern Virginia,76,076. Prince William County,"5-Major Collector (I,4)",3-Two-Way Undivided,Urban,VDOT Primary,7,1. State Hwy Agency,Northern Virginia,NOVA,R-VA   SR00215EB,8.05,,,-77.569294241,38.7328110730001,Visible Injury,All Other,All Other
923444,232765132,2023,9/30/2023 4:00:00 AM,2100,B,0,0,3,1,4,0,0,3,2. Angle,1. No Adverse Condition (Clear/Cloudy),3. Dusk,1. Dry,9. Within Intersection,5. Hillcrest - Straight,"2. Blacktop, Asphalt, Bituminous",1. No Defects,"2. Two-Way, Divided, Unprotected Median",4. Four Approaches,3. Traffic Signal,1. Yes - Working,2. No,,,3. No,20. Motor Vehicle In Transport,1. On Roadway,No,No,Belted,No,No,No,No,No,No,No,No,No,Yes,15.0,NOT_RD,VDOT Intersection,No,No,Yes,No,9. Northern Virginia,76,076. Prince William County,"3-Principal Arterial - Other (E,2)",4-Two-Way Divided,Urban,VDOT Primary,7,1. State Hwy Agency,Northern Virginia,NOVA,R-VA   US00001SB,170.68,549289.0,46.22,-77.300605931,38.594099365,Visible Injury,All Other,All Other
923467,232495163,2023,8/21/2023 4:00:00 AM,1424,B,0,0,1,1,2,0,0,2,2. Angle,1. No Adverse Condition (Clear/Cloudy),2. Daylight,1. Dry,9. Within Intersection,3. Grade - Straight,"2. Blacktop, Asphalt, Bituminous",1. No Defects,"2. Two-Way, Divided, Unprotected Median",4. Four Approaches,3. Traffic Signal,1. Yes - Working,2. No,,,3. No,20. Motor Vehicle In Transport,1. On Roadway,No,No,Belted,Yes,No,No,No,No,No,No,No,No,No,,NOT_RD,VDOT Intersection,No,Yes,Yes,No,9. Northern Virginia,76,076. Prince William County,"4-Minor Arterial (H,3)",4-Two-Way Divided,Urban,VDOT Secondary,7,1. State Hwy Agency,Northern Virginia,NOVA,R-VA076SC02000EB,4.86,1289529.0,4.75,-77.280107516,38.632898266,Visible Injury,Bicycle-related,Bicycle-related