OBJECTID,Document Nbr,Crash Year,Crash Date,Crash Military Time,Crash Severity,K_People,A_People,B_People,C_People,Persons Injured,Pedestrians Killed,Pedestrians Injured,Vehicle Count,Collision Type,Weather Condition,Light Condition,Roadway Surface Condition,Relation To Roadway,Roadway Alignment,Roadway Surface Type,Roadway Defect,Roadway Description,Intersection Type,Traffic Control Type,Traffic Control Status,Work Zone Related,Work Zone Location,Work Zone Type,School Zone,First Harmful Event,First Harmful Event Loc,Alcohol?,Animal Related?,Unrestrained?,Bike?,Distracted?,Drowsy?,Drug Related?,Guardrail Related?,Hitrun?,Lgtruck?,Motorcycle?,Pedestrian?,Speed?,Max Speed Diff,RoadDeparture Type,Intersection Analysis,Senior?,Young?,Mainline?,Night?,VDOT District,Juris Code,Physical Juris Name,Functional Class,Facility Type,Area Type,SYSTEM,VSP,Ownership,Planning District,MPO Name,RTE Name,RNS MP,Node,Node Offset (ft),x,y,Crash_Severity,type_severity,Type_severity
972171,240015122,2023,12/30/2023 5:00:00 AM,845,C,0,0,0,1,1,0,0,2,4. Sideswipe - Same Direction,1. No Adverse Condition (Clear/Cloudy),2. Daylight,1. Dry,8. Non-Intersection,1. Straight - Level,"2. Blacktop, Asphalt, Bituminous",1. No Defects,"3. Two-Way, Divided, Positive Median Barrier",1. Not at Intersection,17. Highway Safety Corridor,1. Yes - Working,2. No,,,3. No,20. Motor Vehicle In Transport,1. On Roadway,No,No,Belted,No,No,No,No,No,No,Yes,No,No,Yes,2.0,NOT_RD,Not Intersection,No,No,Yes,No,9. Northern Virginia,76,076. Prince William County,"1-Interstate (A,1)",4-Two-Way Divided,Urban,VDOT Interstate,7,1. State Hwy Agency,Northern Virginia,NOVA,R-VA   IS00095SB,152.4,,,-77.333758976,38.5700929650001,Nonvisible Injury,All Other,All Other
972220,231735247,2023,6/22/2023 4:00:00 AM,843,B,0,0,1,0,1,0,0,3,1. Rear End,5. Rain,2. Daylight,2. Wet,8. Non-Intersection,1. Straight - Level,"2. Blacktop, Asphalt, Bituminous",1. No Defects,"3. Two-Way, Divided, Positive Median Barrier",1. Not at Intersection,17. Highway Safety Corridor,1. Yes - Working,1. Yes,3. Activity Area,3. Work on Shoulder or Median,3. No,20. Motor Vehicle In Transport,1. On Roadway,No,No,Belted,No,No,No,No,No,No,No,No,No,Yes,15.0,NOT_RD,Not Intersection,No,No,Yes,No,9. Northern Virginia,76,076. Prince William County,"1-Interstate (A,1)",4-Two-Way Divided,Urban,VDOT Interstate,7,1. State Hwy Agency,Northern Virginia,NOVA,R-VA   IS00095NB,156.2,,,-77.297479072,38.6182682690001,Visible Injury,All Other,All Other
972242,230095136,2023,1/6/2023 5:00:00 AM,1957,B,0,0,1,0,1,0,1,1,12. Ped,1. No Adverse Condition (Clear/Cloudy),4. Darkness - Road Lighted,1. Dry,1. Main-Line Roadway,1. Straight - Level,"2. Blacktop, Asphalt, Bituminous",1. No Defects,"3. Two-Way, Divided, Positive Median Barrier",1. Not at Intersection,1. No Traffic Control,6. No Traffic Control Device Present,2. No,,,3. No,19. Ped,1. On Roadway,No,No,Belted,No,No,No,No,No,No,No,No,Yes,No,,NOT_RD,VDOT Intersection,No,No,Yes,Yes,9. Northern Virginia,76,076. Prince William County,"7-Local (J,6)",4-Two-Way Divided,Urban,VDOT Secondary,7,1. State Hwy Agency,Northern Virginia,NOVA,R-VA076SC01389SB,0.47,546273.0,190.74,-77.2691860149999,38.6763208690001,Visible Injury,Pedestrian-related,Pedestrian-related
972412,232235261,2023,8/5/2023 4:00:00 AM,2046,C,0,0,0,1,1,0,0,2,4. Sideswipe - Same Direction,1. No Adverse Condition (Clear/Cloudy),4. Darkness - Road Lighted,1. Dry,8. Non-Intersection,3. Grade - Straight,"2. Blacktop, Asphalt, Bituminous",1. No Defects,"3. Two-Way, Divided, Positive Median Barrier",1. Not at Intersection,17. Highway Safety Corridor,1. Yes - Working,2. No,,,3. No,20. Motor Vehicle In Transport,1. On Roadway,No,No,Belted,No,Yes,No,No,No,Yes,No,No,No,Yes,5.0,NOT_RD,Not Intersection,No,Yes,Yes,Yes,9. Northern Virginia,76,076. Prince William County,"1-Interstate (A,1)",4-Two-Way Divided,Urban,VDOT Interstate,7,1. State Hwy Agency,Northern Virginia,NOVA,R-VA   IS00095NB,153.99,,,-77.317210404,38.5905147290001,Nonvisible Injury,All Other,All Other
972440,232495194,2023,8/30/2023 4:00:00 AM,1300,B,0,0,1,0,1,0,1,1,12. Ped,1. No Adverse Condition (Clear/Cloudy),2. Daylight,1. Dry,1. Main-Line Roadway,1. Straight - Level,"2. Blacktop, Asphalt, Bituminous",1. No Defects,"1. Two-Way, Not Divided",1. Not at Intersection,1. No Traffic Control,6. No Traffic Control Device Present,2. No,,,3. No,19. Ped,1. On Roadway,No,No,Belted,No,No,No,No,No,No,No,No,Yes,No,,NOT_RD,Not Intersection,No,No,Yes,No,9. Northern Virginia,76,076. Prince William County,"7-Local (J,6)",3-Two-Way Undivided,Urban,VDOT Secondary,7,1. State Hwy Agency,Northern Virginia,NOVA,R-VA076SC01270NB,0.2,547029.0,368.07,-77.254778749,38.6431463530001,Visible Injury,Pedestrian-related,Pedestrian-related
972538,231925090,2023,7/9/2023 4:00:00 AM,1930,B,0,0,1,0,1,0,0,1,9. Fixed Object - Off Road,5. Rain,3. Dusk,2. Wet,8. Non-Intersection,4. Grade - Curve,"2. Blacktop, Asphalt, Bituminous",1. No Defects,"1. Two-Way, Not Divided",1. Not at Intersection,6. Traffic Lanes Marked,1. Yes - Working,2. No,,,3. No,3. Utility Pole,4. Roadside,Yes,No,Belted,No,Yes,No,No,No,No,No,No,No,Yes,10.0,RD_RIGHT,Not Intersection,No,No,Yes,No,9. Northern Virginia,76,076. Prince William County,"5-Major Collector (I,4)",3-Two-Way Undivided,Rural,VDOT Secondary,7,1. State Hwy Agency,Northern Virginia,NOVA,R-VA076SC00619EB,24.08,,,-77.363365947,38.554729986,Visible Injury,All Other,All Other
972550,231095084,2023,4/18/2023 4:00:00 AM,852,B,0,0,1,0,1,0,0,2,1. Rear End,1. No Adverse Condition (Clear/Cloudy),2. Daylight,1. Dry,9. Within Intersection,1. Straight - Level,"2. Blacktop, Asphalt, Bituminous",1. No Defects,"3. Two-Way, Divided, Positive Median Barrier",3. Three Approaches,3. Traffic Signal,1. Yes - Working,2. No,,,3. No,20. Motor Vehicle In Transport,1. On Roadway,No,No,Belted,No,No,No,No,No,No,Yes,No,No,No,,NOT_RD,VDOT Intersection,No,No,Yes,No,9. Northern Virginia,76,076. Prince William County,"7-Local (J,6)",3-Two-Way Undivided,Urban,VDOT Secondary,7,1. State Hwy Agency,Northern Virginia,NOVA,R-VA076SC00781EB,0.62,1285770.0,82.67,-77.557016445,38.793655647,Visible Injury,All Other,All Other
972572,232155425,2023,7/28/2023 4:00:00 AM,502,A,0,1,0,0,1,0,1,1,12. Ped,1. No Adverse Condition (Clear/Cloudy),5. Darkness - Road Not Lighted,1. Dry,8. Non-Intersection,1. Straight - Level,"2. Blacktop, Asphalt, Bituminous",1. No Defects,"2. Two-Way, Divided, Unprotected Median",1. Not at Intersection,6. Traffic Lanes Marked,1. Yes - Working,2. No,,,3. No,19. Ped,1. On Roadway,No,No,Belted,No,No,No,No,No,No,No,No,Yes,No,,NOT_RD,VDOT Intersection,No,No,Yes,Yes,9. Northern Virginia,76,076. Prince William County,"4-Minor Arterial (H,3)",4-Two-Way Divided,Urban,VDOT Primary,7,1. State Hwy Agency,Northern Virginia,NOVA,R-VA   SR00234NBBUS001,6.9,546133.0,214.57,-77.517832662,38.7973868820001,Severe Injury,Pedestrian-related,Pedestrian-related
972756,231315115,2023,5/5/2023 4:00:00 AM,755,B,0,0,1,0,1,0,0,2,2. Angle,1. No Adverse Condition (Clear/Cloudy),2. Daylight,1. Dry,8. Non-Intersection,1. Straight - Level,"2. Blacktop, Asphalt, Bituminous",1. No Defects,"2. Two-Way, Divided, Unprotected Median",1. Not at Intersection,6. Traffic Lanes Marked,1. Yes - Working,2. No,,,3. No,20. Motor Vehicle In Transport,1. On Roadway,No,No,Belted,No,No,No,No,No,No,No,No,No,No,,NOT_RD,Not Intersection,No,No,Yes,No,9. Northern Virginia,76,076. Prince William County,"7-Local (J,6)",3-Two-Way Undivided,Urban,VDOT Secondary,7,1. State Hwy Agency,Northern Virginia,NOVA,R-VA076SC00951SB,0.28,,,-77.558582352,38.78580764,Visible Injury,All Other,All Other
972771,230455086,2023,2/7/2023 5:00:00 AM,1620,A,0,1,1,0,2,0,0,2,2. Angle,1. No Adverse Condition (Clear/Cloudy),2. Daylight,1. Dry,9. Within Intersection,5. Hillcrest - Straight,"2. Blacktop, Asphalt, Bituminous",1. No Defects,"1. Two-Way, Not Divided",3. Three Approaches,6. Traffic Lanes Marked,2. Yes - Working and Obscured,2. No,,,3. No,20. Motor Vehicle In Transport,1. On Roadway,No,No,Unbelted,No,No,No,No,No,No,No,No,No,Yes,36.0,NOT_RD,Not Intersection,No,Yes,Yes,No,9. Northern Virginia,76,076. Prince William County,"5-Major Collector (I,4)",4-Two-Way Divided,Urban,VDOT Secondary,7,1. State Hwy Agency,Northern Virginia,NOVA,R-VA076SC02502EB,2.13,,,-77.6068127189999,38.805137103,Severe Injury,All Other,All Other
972822,233035132,2023,10/29/2023 4:00:00 AM,1130,B,0,0,1,0,1,0,0,2,2. Angle,1. No Adverse Condition (Clear/Cloudy),2. Daylight,1. Dry,9. Within Intersection,7. Dip - Straight,"2. Blacktop, Asphalt, Bituminous",1. No Defects,"3. Two-Way, Divided, Positive Median Barrier",3. Three Approaches,4. Stop Sign,1. Yes - Working,2. No,,,3. No,20. Motor Vehicle In Transport,1. On Roadway,No,No,Belted,No,No,No,No,No,No,No,No,No,No,,NOT_RD,VDOT Intersection,Yes,No,Yes,No,9. Northern Virginia,76,076. Prince William County,"4-Minor Arterial (H,3)",4-Two-Way Divided,Urban,VDOT Secondary,7,1. State Hwy Agency,Northern Virginia,NOVA,R-VA076SC00640WB,4.35,726288.0,53.39,-77.339461699,38.6450331890001,Visible Injury,All Other,All Other
973039,232855008,2023,10/8/2023 4:00:00 AM,2134,C,0,0,0,1,1,0,0,2,4. Sideswipe - Same Direction,1. No Adverse Condition (Clear/Cloudy),2. Daylight,1. Dry,8. Non-Intersection,3. Grade - Straight,"2. Blacktop, Asphalt, Bituminous",1. No Defects,"3. Two-Way, Divided, Positive Median Barrier",1. Not at Intersection,17. Highway Safety Corridor,1. Yes - Working,2. No,,,3. No,20. Motor Vehicle In Transport,1. On Roadway,No,No,Belted,No,No,No,No,No,No,No,No,No,No,,NOT_RD,Not Intersection,No,No,Yes,No,9. Northern Virginia,76,076. Prince William County,"1-Interstate (A,1)",4-Two-Way Divided,Urban,VDOT Interstate,7,1. State Hwy Agency,Northern Virginia,NOVA,R-VA   IS00095SB,158.05,,,-77.2875512849999,38.6429281480001,Nonvisible Injury,All Other,All Other
973061,230735218,2023,3/11/2023 5:00:00 AM,905,C,0,0,0,1,1,0,0,1,9. Fixed Object - Off Road,1. No Adverse Condition (Clear/Cloudy),7. Unknown,1. Dry,8. Non-Intersection,2. Curve - Level,"2. Blacktop, Asphalt, Bituminous",1. No Defects,"1. Two-Way, Not Divided",1. Not at Intersection,6. Traffic Lanes Marked,1. Yes - Working,2. No,,,3. No,2. Trees,9. Outside Right-of-Way,No,No,Belted,No,No,No,Yes,No,No,No,No,No,No,,NOT_RD,VDOT Intersection,No,No,Yes,No,9. Northern Virginia,76,076. Prince William County,"7-Local (J,6)",3-Two-Way Undivided,Urban,VDOT Secondary,7,1. State Hwy Agency,Northern Virginia,NOVA,R-VA076SC01682NB,0.11,722024.0,39.01,-77.5560974109999,38.7691663730001,Nonvisible Injury,All Other,All Other
973410,232345101,2023,8/20/2023 4:00:00 AM,1730,B,0,0,1,0,1,0,0,2,2. Angle,1. No Adverse Condition (Clear/Cloudy),2. Daylight,1. Dry,8. Non-Intersection,3. Grade - Straight,"2. Blacktop, Asphalt, Bituminous",1. No Defects,"1. Two-Way, Not Divided",1. Not at Intersection,4. Stop Sign,1. Yes - Working,2. No,,,3. No,20. Motor Vehicle In Transport,1. On Roadway,No,No,Belted,No,No,No,No,No,No,No,No,No,No,,NOT_RD,Not Intersection,No,No,Yes,No,9. Northern Virginia,76,076. Prince William County,"7-Local (J,6)",3-Two-Way Undivided,Urban,VDOT Secondary,7,1. State Hwy Agency,Northern Virginia,NOVA,R-VA076SC04005WB,0.12,,,-77.3054623209999,38.5841990490001,Visible Injury,All Other,All Other
973450,230725122,2023,3/10/2023 5:00:00 AM,1729,B,0,0,1,0,1,0,0,1,9. Fixed Object - Off Road,5. Rain,3. Dusk,2. Wet,9. Within Intersection,4. Grade - Curve,"2. Blacktop, Asphalt, Bituminous",1. No Defects,"1. Two-Way, Not Divided",4. Four Approaches,6. Traffic Lanes Marked,1. Yes - Working,2. No,,,3. No,14. Ditch,4. Roadside,No,No,Belted,No,No,No,No,No,No,No,No,No,No,,NOT_RD,VDOT Intersection,No,No,Yes,No,9. Northern Virginia,76,076. Prince William County,"4-Minor Arterial (H,3)",3-Two-Way Undivided,Urban,VDOT Secondary,7,1. State Hwy Agency,Northern Virginia,NOVA,R-VA076SC00612WB,2.07,1271594.0,38.83,-77.388411274,38.738021534,Visible Injury,All Other,All Other
973547,232055186,2023,7/21/2023 4:00:00 AM,2039,B,0,0,1,0,1,0,1,1,12. Ped,1. No Adverse Condition (Clear/Cloudy),2. Daylight,1. Dry,10. Intersection Related - Within 150 Feet,1. Straight - Level,"2. Blacktop, Asphalt, Bituminous",1. No Defects,"1. Two-Way, Not Divided",3. Three Approaches,1. No Traffic Control,6. No Traffic Control Device Present,2. No,,,3. No,19. Ped,1. On Roadway,No,No,Belted,No,No,No,No,No,No,No,No,Yes,No,,NOT_RD,VDOT Intersection,No,Yes,Yes,No,9. Northern Virginia,76,076. Prince William County,"7-Local (J,6)",3-Two-Way Undivided,Urban,VDOT Secondary,7,1. State Hwy Agency,Northern Virginia,NOVA,R-VA076SC03906EB,0.4,1000359.0,11.0,-77.471145169,38.719413978,Visible Injury,Pedestrian-related,Pedestrian-related
973649,232575229,2023,9/14/2023 4:00:00 AM,635,B,0,0,2,0,2,0,0,2,2. Angle,1. No Adverse Condition (Clear/Cloudy),1. Dawn,1. Dry,9. Within Intersection,3. Grade - Straight,"2. Blacktop, Asphalt, Bituminous",1. No Defects,"2. Two-Way, Divided, Unprotected Median",4. Four Approaches,3. Traffic Signal,1. Yes - Working,2. No,,,3. No,20. Motor Vehicle In Transport,1. On Roadway,No,No,Belted,No,No,No,No,No,No,No,No,No,No,,NOT_RD,VDOT Intersection,No,Yes,Yes,No,9. Northern Virginia,76,076. Prince William County,"5-Major Collector (I,4)",4-Two-Way Divided,Urban,VDOT Secondary,7,1. State Hwy Agency,Northern Virginia,NOVA,R-VA076SC01451SB,3.35,703250.0,41.75,-77.3475553769999,38.62519174,Visible Injury,All Other,All Other
973718,230615078,2023,2/28/2023 5:00:00 AM,1834,B,0,0,1,2,3,0,0,4,1. Rear End,1. No Adverse Condition (Clear/Cloudy),5. Darkness - Road Not Lighted,1. Dry,8. Non-Intersection,1. Straight - Level,"2. Blacktop, Asphalt, Bituminous",1. No Defects,"2. Two-Way, Divided, Unprotected Median",1. Not at Intersection,6. Traffic Lanes Marked,1. Yes - Working,2. No,,,3. No,20. Motor Vehicle In Transport,1. On Roadway,No,No,Belted,No,Yes,No,No,No,No,No,No,No,No,,NOT_RD,Not Intersection,No,No,Yes,Yes,9. Northern Virginia,76,076. Prince William County,"4-Minor Arterial (H,3)",4-Two-Way Divided,Urban,VDOT Secondary,7,1. State Hwy Agency,Northern Virginia,NOVA,R-VA076SC02068SB,0.22,,,-77.302404757,38.63049475,Visible Injury,All Other,All Other
973741,233245209,2023,11/8/2023 5:00:00 AM,1707,B,0,0,1,2,3,0,0,4,2. Angle,1. No Adverse Condition (Clear/Cloudy),2. Daylight,1. Dry,10. Intersection Related - Within 150 Feet,1. Straight - Level,"2. Blacktop, Asphalt, Bituminous",1. No Defects,"1. Two-Way, Not Divided",4. Four Approaches,3. Traffic Signal,1. Yes - Working,2. No,,,3. No,20. Motor Vehicle In Transport,1. On Roadway,No,No,Belted,No,No,No,No,No,Yes,No,Yes,No,No,,NOT_RD,VDOT Intersection,No,No,Yes,No,9. Northern Virginia,76,076. Prince William County,"5-Major Collector (I,4)",4-Two-Way Divided,Urban,VDOT Secondary,7,1. State Hwy Agency,Northern Virginia,NOVA,R-VA076SC01596WB,0.96,1230893.0,207.37,-77.516434751,38.795154978,Visible Injury,Motorcycle-related,Motorcycle-related
973813,231385156,2023,5/15/2023 4:00:00 AM,730,B,0,0,1,1,2,0,0,2,2. Angle,1. No Adverse Condition (Clear/Cloudy),2. Daylight,1. Dry,9. Within Intersection,1. Straight - Level,"2. Blacktop, Asphalt, Bituminous",1. No Defects,"3. Two-Way, Divided, Positive Median Barrier",3. Three Approaches,3. Traffic Signal,1. Yes - Working,2. No,,,1. Yes,20. Motor Vehicle In Transport,1. On Roadway,No,No,Belted,No,No,No,No,No,No,No,No,No,No,,NOT_RD,VDOT Intersection,No,No,Yes,No,9. Northern Virginia,76,076. Prince William County,"3-Principal Arterial - Other (E,2)",4-Two-Way Divided,Urban,VDOT Primary,7,1. State Hwy Agency,Northern Virginia,NOVA,R-VA   SR00294WB,15.72,751784.0,49.23,-77.264024448,38.651267352,Visible Injury,All Other,All Other
973894,233315206,2023,11/26/2023 5:00:00 AM,1740,B,0,0,1,0,1,0,0,2,2. Angle,1. No Adverse Condition (Clear/Cloudy),4. Darkness - Road Lighted,1. Dry,9. Within Intersection,1. Straight - Level,"2. Blacktop, Asphalt, Bituminous",1. No Defects,"2. Two-Way, Divided, Unprotected Median",4. Four Approaches,3. Traffic Signal,1. Yes - Working,2. No,,,3. No,20. Motor Vehicle In Transport,1. On Roadway,No,No,Belted,No,No,No,No,No,No,No,No,No,No,,NOT_RD,VDOT Intersection,No,No,Yes,Yes,9. Northern Virginia,76,076. Prince William County,"4-Minor Arterial (H,3)",4-Two-Way Divided,Urban,VDOT Primary,7,1. State Hwy Agency,Northern Virginia,NOVA,R-VA   SR00234NBBUS001,0.19,734544.0,10.35,-77.466865846,38.717582533,Visible Injury,All Other,All Other
973909,232865191,2023,10/11/2023 4:00:00 AM,2010,B,0,0,1,0,1,0,0,1,9. Fixed Object - Off Road,1. No Adverse Condition (Clear/Cloudy),5. Darkness - Road Not Lighted,1. Dry,9. Within Intersection,1. Straight - Level,"2. Blacktop, Asphalt, Bituminous",1. No Defects,"2. Two-Way, Divided, Unprotected Median",3. Three Approaches,3. Traffic Signal,1. Yes - Working,2. No,,,3. No,28. Ran Off Road,1. On Roadway,No,No,Belted,No,No,No,No,No,No,No,No,No,Yes,10.0,NOT_RD,VDOT Intersection,Yes,No,Yes,Yes,9. Northern Virginia,76,076. Prince William County,"4-Minor Arterial (H,3)",4-Two-Way Divided,Urban,VDOT Primary,7,1. State Hwy Agency,Northern Virginia,NOVA,R-VA   US00029SB,219.75,549358.0,72.09,-77.586552134,38.8029430180001,Visible Injury,All Other,All Other
974009,231995075,2023,7/11/2023 4:00:00 AM,1540,B,0,0,1,0,1,0,0,2,1. Rear End,1. No Adverse Condition (Clear/Cloudy),2. Daylight,1. Dry,8. Non-Intersection,1. Straight - Level,"2. Blacktop, Asphalt, Bituminous",1. No Defects,"2. Two-Way, Divided, Unprotected Median",1. Not at Intersection,6. Traffic Lanes Marked,1. Yes - Working,2. No,,,3. No,20. Motor Vehicle In Transport,1. On Roadway,No,No,Belted,No,No,No,No,No,No,No,No,No,No,,NOT_RD,VDOT Intersection,No,Yes,Yes,No,9. Northern Virginia,76,076. Prince William County,"4-Minor Arterial (H,3)",4-Two-Way Divided,Urban,VDOT Secondary,7,1. State Hwy Agency,Northern Virginia,NOVA,R-VA076SC00640WB,3.39,548756.0,58.9,-77.352480026,38.636181804,Visible Injury,All Other,All Other
974027,232175027,2023,8/4/2023 4:00:00 AM,2210,B,0,0,1,0,1,0,0,1,9. Fixed Object - Off Road,1. No Adverse Condition (Clear/Cloudy),5. Darkness - Road Not Lighted,1. Dry,8. Non-Intersection,1. Straight - Level,"2. Blacktop, Asphalt, Bituminous",1. No Defects,"3. Two-Way, Divided, Positive Median Barrier",1. Not at Intersection,6. Traffic Lanes Marked,1. Yes - Working,2. No,,,3. No,11. Jersey Wall,1. On Roadway,Yes,No,Belted,No,No,No,No,No,No,No,No,No,No,,RD_LEFT,Not Intersection,No,No,Yes,Yes,9. Northern Virginia,76,076. Prince William County,"1-Interstate (A,1)",4-Two-Way Divided,Urban,VDOT Interstate,7,1. State Hwy Agency,Northern Virginia,NOVA,R-VA   IS00066WB,47.8,,,-77.514749103,38.802009384,Visible Injury,All Other,All Other
974032,233185001,2023,11/13/2023 5:00:00 AM,2151,B,0,0,1,0,1,0,0,1,10. Deer,1. No Adverse Condition (Clear/Cloudy),5. Darkness - Road Not Lighted,1. Dry,8. Non-Intersection,1. Straight - Level,"2. Blacktop, Asphalt, Bituminous",1. No Defects,"2. Two-Way, Divided, Unprotected Median",1. Not at Intersection,6. Traffic Lanes Marked,1. Yes - Working,2. No,,,3. No,23. Animal,1. On Roadway,No,Yes,Belted,No,No,No,No,No,No,No,No,No,No,,NOT_RD,VDOT Intersection,No,No,Yes,Yes,9. Northern Virginia,76,076. Prince William County,"3-Principal Arterial - Other (E,2)",4-Two-Way Divided,Urban,VDOT Primary,7,1. State Hwy Agency,Northern Virginia,NOVA,R-VA   US00015SB,196.72,746291.0,92.42,-77.633427437,38.8283615570001,Visible Injury,All Other,All Other
974038,231935080,2023,7/10/2023 4:00:00 AM,324,A,0,1,0,0,1,0,0,2,4. Sideswipe - Same Direction,1. No Adverse Condition (Clear/Cloudy),4. Darkness - Road Lighted,1. Dry,8. Non-Intersection,1. Straight - Level,"2. Blacktop, Asphalt, Bituminous",1. No Defects,"3. Two-Way, Divided, Positive Median Barrier",1. Not at Intersection,17. Highway Safety Corridor,1. Yes - Working,2. No,,,3. No,28. Ran Off Road,1. On Roadway,No,No,Belted,No,No,No,No,Yes,No,Yes,No,No,Yes,15.0,NOT_RD,Not Intersection,No,No,Yes,Yes,9. Northern Virginia,76,076. Prince William County,"1-Interstate (A,1)",4-Two-Way Divided,Urban,VDOT Interstate,7,1. State Hwy Agency,Northern Virginia,NOVA,R-VA   IS00095NB,154.58,,,-77.31370964,38.5989746130001,Severe Injury,All Other,All Other
974109,233585136,2023,12/22/2023 5:00:00 AM,1250,C,0,0,0,1,1,0,0,2,2. Angle,1. No Adverse Condition (Clear/Cloudy),2. Daylight,1. Dry,1. Main-Line Roadway,1. Straight - Level,"2. Blacktop, Asphalt, Bituminous",1. No Defects,"3. Two-Way, Divided, Positive Median Barrier",1. Not at Intersection,6. Traffic Lanes Marked,1. Yes - Working,2. No,,,3. No,20. Motor Vehicle In Transport,1. On Roadway,No,No,Belted,No,No,No,No,No,No,No,No,No,Yes,5.0,NOT_RD,Not Intersection,No,No,Yes,No,9. Northern Virginia,76,076. Prince William County,"1-Interstate (A,1)",4-Two-Way Divided,Urban,VDOT Interstate,7,1. State Hwy Agency,Northern Virginia,NOVA,R-VA   IS00066EB,44.24,,,-77.5760814079999,38.7972129450001,Nonvisible Injury,All Other,All Other
974210,232145079,2023,8/1/2023 4:00:00 AM,1835,B,0,0,4,0,4,0,0,2,2. Angle,1. No Adverse Condition (Clear/Cloudy),2. Daylight,1. Dry,9. Within Intersection,1. Straight - Level,"2. Blacktop, Asphalt, Bituminous",4. Under Repair,"2. Two-Way, Divided, Unprotected Median",4. Four Approaches,3. Traffic Signal,1. Yes - Working,1. Yes,3. Activity Area,3. Work on Shoulder or Median,3. No,20. Motor Vehicle In Transport,1. On Roadway,No,No,Belted,No,No,No,No,No,No,No,No,No,Yes,5.0,NOT_RD,VDOT Intersection,No,No,Yes,No,9. Northern Virginia,76,076. Prince William County,"3-Principal Arterial - Other (E,2)",4-Two-Way Divided,Urban,VDOT Primary,7,1. State Hwy Agency,Northern Virginia,NOVA,R-VA   US00001NB,175.04,547044.0,13.1,-77.2610504689999,38.649274828,Visible Injury,All Other,All Other
974276,231355165,2023,5/13/2023 4:00:00 AM,1058,B,0,0,1,0,1,0,0,2,8. Non-Collision,1. No Adverse Condition (Clear/Cloudy),2. Daylight,1. Dry,8. Non-Intersection,3. Grade - Straight,"2. Blacktop, Asphalt, Bituminous",1. No Defects,"2. Two-Way, Divided, Unprotected Median",1. Not at Intersection,6. Traffic Lanes Marked,1. Yes - Working,2. No,,,3. No,4. Fence Or Post,1. On Roadway,No,No,Belted,No,No,No,No,No,No,No,No,No,No,,RD_UNKNOWN,Not Intersection,No,No,Yes,No,9. Northern Virginia,76,076. Prince William County,"4-Minor Arterial (H,3)",4-Two-Way Divided,Urban,VDOT Secondary,7,1. State Hwy Agency,Northern Virginia,NOVA,R-VA076SC00640EB,4.42,546259.0,309.27,-77.338121153,38.6454090460001,Visible Injury,All Other,All Other
974514,233335132,2023,11/28/2023 5:00:00 AM,1609,B,0,0,1,1,2,0,0,2,1. Rear End,1. No Adverse Condition (Clear/Cloudy),2. Daylight,1. Dry,9. Within Intersection,1. Straight - Level,"2. Blacktop, Asphalt, Bituminous",1. No Defects,"2. Two-Way, Divided, Unprotected Median",2. Two Approaches,6. Traffic Lanes Marked,1. Yes - Working,2. No,,,3. No,20. Motor Vehicle In Transport,1. On Roadway,No,No,Belted,No,Yes,No,No,No,No,No,No,No,No,,NOT_RD,Not Intersection,No,No,Yes,No,9. Northern Virginia,76,076. Prince William County,"4-Minor Arterial (H,3)",4-Two-Way Divided,Urban,VDOT Secondary,7,1. State Hwy Agency,Northern Virginia,NOVA,R-VA076SC00641WB,0.45,703564.0,458.51,-77.329902079,38.6757973040001,Visible Injury,All Other,All Other
974644,232705309,2023,9/26/2023 4:00:00 AM,930,C,0,0,0,1,1,0,0,2,1. Rear End,5. Rain,2. Daylight,2. Wet,10. Intersection Related - Within 150 Feet,1. Straight - Level,"2. Blacktop, Asphalt, Bituminous",1. No Defects,"1. Two-Way, Not Divided",4. Four Approaches,4. Stop Sign,1. Yes - Working,2. No,,,3. No,20. Motor Vehicle In Transport,1. On Roadway,No,No,Belted,No,No,No,No,No,No,No,No,No,No,,NOT_RD,VDOT Intersection,No,Yes,Yes,No,9. Northern Virginia,76,076. Prince William County,"5-Major Collector (I,4)",3-Two-Way Undivided,Urban,VDOT Secondary,7,1. State Hwy Agency,Northern Virginia,NOVA,R-VA076SC00638EB,4.02,546225.0,155.48,-77.2676189539999,38.6275558030001,Nonvisible Injury,All Other,All Other
974646,231145122,2023,4/22/2023 4:00:00 AM,1735,B,0,0,1,0,1,0,0,3,2. Angle,5. Rain,2. Daylight,2. Wet,9. Within Intersection,1. Straight - Level,"2. Blacktop, Asphalt, Bituminous",1. No Defects,"2. Two-Way, Divided, Unprotected Median",3. Three Approaches,3. Traffic Signal,1. Yes - Working,2. No,,,3. No,20. Motor Vehicle In Transport,1. On Roadway,No,No,Belted,No,No,No,No,No,No,No,No,No,No,,NOT_RD,VDOT Intersection,Yes,No,Yes,No,9. Northern Virginia,76,076. Prince William County,"3-Principal Arterial - Other (E,2)",4-Two-Way Divided,Urban,VDOT Primary,7,1. State Hwy Agency,Northern Virginia,NOVA,R-VA   US00001SB,169.61,713764.0,58.0,-77.3110496799999,38.58095731,Visible Injury,All Other,All Other
974801,231215262,2023,4/25/2023 4:00:00 AM,1630,B,0,0,1,0,1,0,1,1,12. Ped,1. No Adverse Condition (Clear/Cloudy),2. Daylight,1. Dry,10. Intersection Related - Within 150 Feet,1. Straight - Level,"2. Blacktop, Asphalt, Bituminous",1. No Defects,"2. Two-Way, Divided, Unprotected Median",4. Four Approaches,3. Traffic Signal,1. Yes - Working,2. No,,,3. No,19. Ped,1. On Roadway,No,No,Belted,No,No,No,No,No,No,No,No,Yes,No,,NOT_RD,VDOT Intersection,No,No,Yes,No,9. Northern Virginia,76,076. Prince William County,"4-Minor Arterial (H,3)",4-Two-Way Divided,Urban,VDOT Secondary,7,1. State Hwy Agency,Northern Virginia,NOVA,R-VA076SC00641WB,4.68,1094391.0,77.19,-77.260384506,38.6729622880001,Visible Injury,Pedestrian-related,Pedestrian-related