OBJECTID,Document Nbr,Crash Year,Crash Date,Crash Military Time,Crash Severity,K_People,A_People,B_People,C_People,Persons Injured,Pedestrians Killed,Pedestrians Injured,Vehicle Count,Collision Type,Weather Condition,Light Condition,Roadway Surface Condition,Relation To Roadway,Roadway Alignment,Roadway Surface Type,Roadway Defect,Roadway Description,Intersection Type,Traffic Control Type,Traffic Control Status,Work Zone Related,Work Zone Location,Work Zone Type,School Zone,First Harmful Event,First Harmful Event Loc,Alcohol?,Animal Related?,Unrestrained?,Bike?,Distracted?,Drowsy?,Drug Related?,Guardrail Related?,Hitrun?,Lgtruck?,Motorcycle?,Pedestrian?,Speed?,Max Speed Diff,RoadDeparture Type,Intersection Analysis,Senior?,Young?,Mainline?,Night?,VDOT District,Juris Code,Physical Juris Name,Functional Class,Facility Type,Area Type,SYSTEM,VSP,Ownership,Planning District,MPO Name,RTE Name,RNS MP,Node,Node Offset (ft),x,y,Crash_Severity,type_severity,Type_severity
1117253,241995086,2024,7/16/2024 4:00:00 AM,1550,B,0,0,1,0,1,0,0,3,1. Rear End,1. No Adverse Condition (Clear/Cloudy),2. Daylight,1. Dry,8. Non-Intersection,1. Straight - Level,"2. Blacktop, Asphalt, Bituminous",1. No Defects,"2. Two-Way, Divided, Unprotected Median",1. Not at Intersection,6. Traffic Lanes Marked,1. Yes - Working,2. No,,,3. No,20. Motor Vehicle In Transport,1. On Roadway,No,No,Belted,No,No,No,No,No,Yes,No,No,No,No,,NOT_RD,VDOT Intersection,No,No,Yes,No,9. Northern Virginia,76,076. Prince William County,"3-Principal Arterial - Other (E,2)",4-Two-Way Divided,Urban,VDOT Primary,7,1. State Hwy Agency,Northern Virginia,NOVA,R-VA   SR00294WB,14.07,713761.0,165.16,-77.2897265299999,38.65118741,Visible Injury,All Other,All Other
1117264,242005075,2024,7/17/2024 4:00:00 AM,1756,A,0,1,1,0,2,0,0,2,2. Angle,5. Rain,2. Daylight,2. Wet,1. Main-Line Roadway,1. Straight - Level,"2. Blacktop, Asphalt, Bituminous",1. No Defects,"3. Two-Way, Divided, Positive Median Barrier",4. Four Approaches,6. Traffic Lanes Marked,1. Yes - Working,2. No,,,3. No,20. Motor Vehicle In Transport,1. On Roadway,No,No,Unbelted,No,Yes,No,No,No,No,No,No,No,No,,NOT_RD,VDOT Intersection,Yes,No,Yes,No,9. Northern Virginia,76,076. Prince William County,"5-Major Collector (I,4)",4-Two-Way Divided,Urban,VDOT Secondary,7,1. State Hwy Agency,Northern Virginia,NOVA,R-VA076SC02502EB,2.45,735643.0,66.9,-77.6015970399999,38.8038453300001,Severe Injury,All Other,All Other
1117292,242015161,2024,7/9/2024 4:00:00 AM,715,B,0,0,1,1,2,0,0,2,3. Head On,1. No Adverse Condition (Clear/Cloudy),2. Daylight,1. Dry,9. Within Intersection,1. Straight - Level,"2. Blacktop, Asphalt, Bituminous",1. No Defects,"1. Two-Way, Not Divided",2. Two Approaches,1. No Traffic Control,6. No Traffic Control Device Present,2. No,,,3. No,20. Motor Vehicle In Transport,1. On Roadway,No,No,Belted,Yes,Yes,No,No,No,No,No,No,No,Yes,2.0,RD_UNKNOWN,Not Intersection,No,No,Yes,No,9. Northern Virginia,76,076. Prince William County,"7-Local (J,6)",3-Two-Way Undivided,Urban,VDOT Secondary,7,1. State Hwy Agency,Northern Virginia,NOVA,R-VA076SC01396NB,0.35,,,-77.2790208,38.6170226300001,Visible Injury,Bicycle-related,Bicycle-related
1117346,242065145,2024,7/22/2024 4:00:00 AM,15,B,0,0,2,1,3,0,0,3,3. Head On,1. No Adverse Condition (Clear/Cloudy),5. Darkness - Road Not Lighted,1. Dry,8. Non-Intersection,1. Straight - Level,"2. Blacktop, Asphalt, Bituminous",1. No Defects,"1. Two-Way, Not Divided",1. Not at Intersection,1. No Traffic Control,6. No Traffic Control Device Present,2. No,,,3. No,20. Motor Vehicle In Transport,1. On Roadway,No,No,Unbelted,No,Yes,No,No,No,No,No,No,No,No,,RD_UNKNOWN,Not Intersection,No,Yes,Yes,Yes,9. Northern Virginia,76,076. Prince William County,"3-Principal Arterial - Other (E,2)",4-Two-Way Divided,Urban,VDOT Primary,7,1. State Hwy Agency,Northern Virginia,NOVA,R-VA   US00001NB,166.54,,,-77.3377946699999,38.5438063500001,Visible Injury,All Other,All Other
1117416,242125092,2024,7/29/2024 4:00:00 AM,751,B,0,0,1,2,3,0,0,2,1. Rear End,1. No Adverse Condition (Clear/Cloudy),2. Daylight,1. Dry,10. Intersection Related - Within 150 Feet,1. Straight - Level,"2. Blacktop, Asphalt, Bituminous",1. No Defects,"2. Two-Way, Divided, Unprotected Median",4. Four Approaches,3. Traffic Signal,1. Yes - Working,2. No,,,3. No,20. Motor Vehicle In Transport,1. On Roadway,No,No,Belted,No,No,No,No,No,No,No,No,No,No,,NOT_RD,VDOT Intersection,No,Yes,Yes,No,9. Northern Virginia,76,076. Prince William County,"5-Major Collector (I,4)",4-Two-Way Divided,Urban,VDOT Secondary,7,1. State Hwy Agency,Northern Virginia,NOVA,R-VA076SC01566WB,5.65,547483.0,63.74,-77.51375474,38.787724,Visible Injury,All Other,All Other
1117424,242135145,2024,7/30/2024 4:00:00 AM,1950,B,0,0,1,0,1,0,0,3,1. Rear End,1. No Adverse Condition (Clear/Cloudy),3. Dusk,1. Dry,10. Intersection Related - Within 150 Feet,5. Hillcrest - Straight,"2. Blacktop, Asphalt, Bituminous",1. No Defects,"2. Two-Way, Divided, Unprotected Median",4. Four Approaches,3. Traffic Signal,1. Yes - Working,2. No,,,3. No,20. Motor Vehicle In Transport,1. On Roadway,No,No,Belted,No,Yes,No,No,No,No,No,No,No,No,,NOT_RD,VDOT Intersection,No,Yes,Yes,No,9. Northern Virginia,76,076. Prince William County,"4-Minor Arterial (H,3)",4-Two-Way Divided,Urban,VDOT Secondary,7,1. State Hwy Agency,Northern Virginia,NOVA,R-VA076SC00640WB,3.74,546051.0,81.9,-77.34796634,38.6397824200001,Visible Injury,All Other,All Other
1117427,242135293,2024,7/30/2024 4:00:00 AM,1350,B,0,0,1,0,1,0,0,2,2. Angle,1. No Adverse Condition (Clear/Cloudy),2. Daylight,1. Dry,12. Crossover Related,5. Hillcrest - Straight,"2. Blacktop, Asphalt, Bituminous",1. No Defects,"2. Two-Way, Divided, Unprotected Median",1. Not at Intersection,6. Traffic Lanes Marked,1. Yes - Working,2. No,,,3. No,20. Motor Vehicle In Transport,1. On Roadway,No,No,Belted,No,No,No,No,No,No,No,No,No,No,,NOT_RD,Not Intersection,No,No,Yes,No,9. Northern Virginia,76,076. Prince William County,"3-Principal Arterial - Other (E,2)",3-Two-Way Undivided,Urban,VDOT Primary,7,1. State Hwy Agency,Northern Virginia,NOVA,R-VA   US00001NB,174.55,,,-77.26556542,38.64291511,Visible Injury,All Other,All Other
1117429,242135385,2024,7/27/2024 4:00:00 AM,130,B,0,0,1,0,1,0,0,2,1. Rear End,1. No Adverse Condition (Clear/Cloudy),4. Darkness - Road Lighted,1. Dry,8. Non-Intersection,1. Straight - Level,"2. Blacktop, Asphalt, Bituminous",1. No Defects,"3. Two-Way, Divided, Positive Median Barrier",1. Not at Intersection,6. Traffic Lanes Marked,1. Yes - Working,2. No,,,3. No,20. Motor Vehicle In Transport,1. On Roadway,No,No,Belted,No,No,No,No,No,No,No,No,No,No,,NOT_RD,Not Intersection,Yes,No,Yes,Yes,9. Northern Virginia,76,076. Prince William County,"1-Interstate (A,1)",4-Two-Way Divided,Urban,VDOT Interstate,7,1. State Hwy Agency,Northern Virginia,NOVA,R-VA   IS00095SB,152.5,,,-77.3326653,38.57115416,Visible Injury,All Other,All Other
1117512,242205329,2024,8/3/2024 4:00:00 AM,1549,B,0,0,1,2,3,0,0,4,1. Rear End,1. No Adverse Condition (Clear/Cloudy),2. Daylight,1. Dry,1. Main-Line Roadway,1. Straight - Level,"2. Blacktop, Asphalt, Bituminous",1. No Defects,"3. Two-Way, Divided, Positive Median Barrier",1. Not at Intersection,6. Traffic Lanes Marked,1. Yes - Working,2. No,,,3. No,20. Motor Vehicle In Transport,1. On Roadway,No,No,Belted,No,Yes,No,No,No,No,No,No,No,No,,NOT_RD,Not Intersection,No,No,Yes,No,9. Northern Virginia,76,076. Prince William County,"1-Interstate (A,1)",4-Two-Way Divided,Urban,VDOT Interstate,7,1. State Hwy Agency,Northern Virginia,NOVA,R-VA   IS00095SB,151.72,,,-77.33903093,38.56243003,Visible Injury,All Other,All Other
1117689,242355377,2024,8/22/2024 4:00:00 AM,1655,B,0,0,1,1,2,0,0,2,1. Rear End,1. No Adverse Condition (Clear/Cloudy),2. Daylight,1. Dry,8. Non-Intersection,3. Grade - Straight,"2. Blacktop, Asphalt, Bituminous",1. No Defects,"3. Two-Way, Divided, Positive Median Barrier",1. Not at Intersection,6. Traffic Lanes Marked,1. Yes - Working,2. No,,,3. No,20. Motor Vehicle In Transport,1. On Roadway,No,No,Belted,No,No,No,No,No,No,No,Yes,No,Yes,10.0,NOT_RD,Not Intersection,No,No,Yes,No,9. Northern Virginia,76,076. Prince William County,"1-Interstate (A,1)",4-Two-Way Divided,Urban,VDOT Interstate,7,1. State Hwy Agency,Northern Virginia,NOVA,R-VA   IS00095NB,151.63,,,-77.33857091,38.56181359,Visible Injury,Motorcycle-related,Motorcycle-related
1117738,242415106,2024,8/21/2024 4:00:00 AM,2224,B,0,0,1,0,1,0,0,2,2. Angle,1. No Adverse Condition (Clear/Cloudy),5. Darkness - Road Not Lighted,1. Dry,10. Intersection Related - Within 150 Feet,1. Straight - Level,"2. Blacktop, Asphalt, Bituminous",1. No Defects,"2. Two-Way, Divided, Unprotected Median",2. Two Approaches,6. Traffic Lanes Marked,1. Yes - Working,2. No,,,3. No,20. Motor Vehicle In Transport,1. On Roadway,No,No,Belted,No,No,No,No,No,No,No,No,No,No,,NOT_RD,Not Intersection,No,No,Yes,Yes,9. Northern Virginia,76,076. Prince William County,"3-Principal Arterial - Other (E,2)",4-Two-Way Divided,Urban,VDOT Primary,7,1. State Hwy Agency,Northern Virginia,NOVA,R-VA   US00001SB,164.56,,,-77.36039871,38.5210277300001,Visible Injury,All Other,All Other
1117739,242415108,2024,8/24/2024 4:00:00 AM,1023,A,0,2,0,0,2,0,1,2,16. Other,1. No Adverse Condition (Clear/Cloudy),2. Daylight,1. Dry,6. Intersection at end of Ramp,10. On/Off Ramp,"2. Blacktop, Asphalt, Bituminous",1. No Defects,"2. Two-Way, Divided, Unprotected Median",2. Two Approaches,6. Traffic Lanes Marked,1. Yes - Working,2. No,,,3. No,39. Fell/Jumped From Vehicle,5. Gore,No,No,Belted,No,No,No,No,No,No,No,Yes,Yes,Yes,10.0,RD_UNKNOWN,Not Intersection,No,No,No,No,9. Northern Virginia,76,076. Prince William County,"1-Interstate (A,1)",1-One-Way Undivided,Urban,VDOT Interstate,7,1. State Hwy Agency,Northern Virginia,NOVA,R-VA   IS00095NB      RMP156.00A,0.28,,,-77.28976511,38.6268895100001,Severe Injury,Multiple types-related,Multiple types-related
1117834,242545176,2024,9/8/2024 4:00:00 AM,2256,B,0,0,1,0,1,0,0,2,2. Angle,1. No Adverse Condition (Clear/Cloudy),4. Darkness - Road Lighted,1. Dry,10. Intersection Related - Within 150 Feet,3. Grade - Straight,"2. Blacktop, Asphalt, Bituminous",1. No Defects,"2. Two-Way, Divided, Unprotected Median",3. Three Approaches,1. No Traffic Control,6. No Traffic Control Device Present,2. No,,,3. No,20. Motor Vehicle In Transport,1. On Roadway,No,No,Belted,No,No,No,No,No,No,No,No,No,No,,NOT_RD,VDOT Intersection,No,No,Yes,Yes,9. Northern Virginia,76,076. Prince William County,"4-Minor Arterial (H,3)",4-Two-Way Divided,Urban,VDOT Secondary,7,1. State Hwy Agency,Northern Virginia,NOVA,R-VA076SC00641WB,4.9,1289522.0,112.31,-77.2574618099999,38.67466669,Visible Injury,All Other,All Other
1117900,242605095,2024,9/13/2024 4:00:00 AM,2115,B,0,0,1,0,1,0,1,1,12. Ped,1. No Adverse Condition (Clear/Cloudy),4. Darkness - Road Lighted,1. Dry,8. Non-Intersection,1. Straight - Level,"2. Blacktop, Asphalt, Bituminous",1. No Defects,"1. Two-Way, Not Divided",1. Not at Intersection,13. Other,6. No Traffic Control Device Present,2. No,,,3. No,19. Ped,1. On Roadway,No,No,Belted,No,No,No,No,No,Yes,No,No,Yes,No,,NOT_RD,Not Intersection,No,No,Yes,Yes,9. Northern Virginia,76,076. Prince William County,"5-Major Collector (I,4)",3-Two-Way Undivided,Urban,VDOT Secondary,7,1. State Hwy Agency,Northern Virginia,NOVA,R-VA076SC01316EB,0.18,,,-77.25763268,38.64797307,Visible Injury,Pedestrian-related,Pedestrian-related
1117901,242605103,2024,9/14/2024 4:00:00 AM,1935,B,0,0,1,0,1,0,0,1,16. Other,1. No Adverse Condition (Clear/Cloudy),3. Dusk,1. Dry,8. Non-Intersection,4. Grade - Curve,"2. Blacktop, Asphalt, Bituminous",1. No Defects,"3. Two-Way, Divided, Positive Median Barrier",1. Not at Intersection,6. Traffic Lanes Marked,1. Yes - Working,2. No,,,3. No,35. Cross Median,1. On Roadway,Yes,No,Belted,No,No,No,No,No,No,No,No,No,No,,RD_UNKNOWN,Not Intersection,Yes,No,Yes,No,9. Northern Virginia,76,076. Prince William County,"4-Minor Arterial (H,3)",3-Two-Way Undivided,Urban,VDOT Secondary,7,1. State Hwy Agency,Northern Virginia,NOVA,R-VA076SC00621WB,3.49,1230261.0,478.63,-77.54147291,38.79287886,Visible Injury,All Other,All Other
1117927,242625102,2024,9/17/2024 4:00:00 AM,936,B,0,0,1,1,2,0,0,2,2. Angle,1. No Adverse Condition (Clear/Cloudy),2. Daylight,1. Dry,1. Main-Line Roadway,7. Dip - Straight,"2. Blacktop, Asphalt, Bituminous",1. No Defects,"2. Two-Way, Divided, Unprotected Median",1. Not at Intersection,3. Traffic Signal,1. Yes - Working,2. No,,,3. No,20. Motor Vehicle In Transport,1. On Roadway,No,No,Belted,No,No,No,No,No,No,No,No,No,No,,NOT_RD,Not Intersection,Yes,No,Yes,No,9. Northern Virginia,76,076. Prince William County,"5-Major Collector (I,4)",3-Two-Way Undivided,Urban,VDOT Secondary,7,1. State Hwy Agency,Northern Virginia,NOVA,R-VA076SC00688SB,0.06,746050.0,335.06,-77.44846518,38.7089904000001,Visible Injury,All Other,All Other
1118170,242815239,2024,10/5/2024 4:00:00 AM,120,A,0,1,0,0,1,0,0,1,9. Fixed Object - Off Road,1. No Adverse Condition (Clear/Cloudy),5. Darkness - Road Not Lighted,1. Dry,8. Non-Intersection,2. Curve - Level,"2. Blacktop, Asphalt, Bituminous",1. No Defects,"1. Two-Way, Not Divided",1. Not at Intersection,6. Traffic Lanes Marked,1. Yes - Working,2. No,,,3. No,2. Trees,4. Roadside,No,No,Belted,No,No,No,No,No,No,No,No,No,No,,NOT_RD,VDOT Intersection,No,No,Yes,Yes,9. Northern Virginia,76,076. Prince William County,"5-Major Collector (I,4)",3-Two-Way Undivided,Rural,VDOT Secondary,7,1. State Hwy Agency,Northern Virginia,NOVA,R-VA076SC00705NB,3.13,546489.0,91.5,-77.5733455399999,38.8244034200001,Severe Injury,All Other,All Other
1118173,242815309,2024,10/5/2024 4:00:00 AM,1754,B,0,0,1,0,1,0,0,2,2. Angle,1. No Adverse Condition (Clear/Cloudy),2. Daylight,1. Dry,9. Within Intersection,1. Straight - Level,"2. Blacktop, Asphalt, Bituminous",1. No Defects,"1. Two-Way, Not Divided",4. Four Approaches,4. Stop Sign,1. Yes - Working,2. No,,,3. No,20. Motor Vehicle In Transport,1. On Roadway,No,No,Belted,No,No,No,No,No,No,No,No,No,Yes,1.0,NOT_RD,VDOT Intersection,Yes,Yes,Yes,No,9. Northern Virginia,76,076. Prince William County,"4-Minor Arterial (H,3)",3-Two-Way Undivided,Urban,VDOT Secondary,7,1. State Hwy Agency,Northern Virginia,NOVA,R-VA076SC00616NB,1.62,546079.0,5.66,-77.4584961099999,38.78741796,Visible Injury,All Other,All Other
1118175,242815329,2024,10/6/2024 4:00:00 AM,1000,B,0,0,2,0,2,0,0,2,2. Angle,1. No Adverse Condition (Clear/Cloudy),2. Daylight,1. Dry,9. Within Intersection,1. Straight - Level,"2. Blacktop, Asphalt, Bituminous",1. No Defects,"2. Two-Way, Divided, Unprotected Median",4. Four Approaches,3. Traffic Signal,1. Yes - Working,2. No,,,3. No,20. Motor Vehicle In Transport,1. On Roadway,No,No,Belted,No,No,No,No,No,No,No,No,No,No,,NOT_RD,VDOT Intersection,Yes,No,Yes,No,9. Northern Virginia,76,076. Prince William County,"4-Minor Arterial (H,3)",4-Two-Way Divided,Urban,VDOT Primary,7,1. State Hwy Agency,Northern Virginia,NOVA,R-VA   SR00234NBBUS001,6.94,546133.0,17.81,-77.5181085899999,38.7979872500001,Visible Injury,All Other,All Other
1118339,242925327,2024,10/1/2024 4:00:00 AM,1355,K,2,1,0,0,1,0,0,1,9. Fixed Object - Off Road,4. Mist,2. Daylight,2. Wet,10. Intersection Related - Within 150 Feet,3. Grade - Straight,"2. Blacktop, Asphalt, Bituminous",1. No Defects,"2. Two-Way, Divided, Unprotected Median",3. Three Approaches,3. Traffic Signal,1. Yes - Working,2. No,,,3. No,11. Jersey Wall,1. On Roadway,No,No,Unbelted,No,No,No,No,No,No,No,No,No,Yes,17.0,RD_UNKNOWN,Not Intersection,Yes,No,No,No,9. Northern Virginia,76,076. Prince William County,"1-Interstate (A,1)",1-One-Way Undivided,Urban,VDOT Interstate,7,1. State Hwy Agency,Northern Virginia,NOVA,R-VA   IS00066WBX     RMP044.00A,0.36,,,-77.5855264699999,38.79801768,Fatal Injury,All Other,All Other
1118403,242985026,2024,10/23/2024 4:00:00 AM,39,B,0,0,1,0,1,0,0,1,9. Fixed Object - Off Road,1. No Adverse Condition (Clear/Cloudy),4. Darkness - Road Lighted,1. Dry,3. Gore Area (b/w Ramp and Highway Edgelines),1. Straight - Level,"2. Blacktop, Asphalt, Bituminous",1. No Defects,"3. Two-Way, Divided, Positive Median Barrier",1. Not at Intersection,6. Traffic Lanes Marked,1. Yes - Working,2. No,,,3. No,9. Impact Cushioning Device,5. Gore,No,No,Belted,No,No,No,No,No,No,No,No,No,Yes,3.0,RD_UNKNOWN,Not Intersection,No,No,Yes,Yes,9. Northern Virginia,76,076. Prince William County,"1-Interstate (A,1)",4-Two-Way Divided,Urban,VDOT Interstate,7,1. State Hwy Agency,Northern Virginia,NOVA,R-VA   IS00095NB,156.54,,,-77.29541016,38.62255829,Visible Injury,All Other,All Other
1118468,243025116,2024,10/25/2024 4:00:00 AM,1808,B,0,0,1,0,1,0,0,1,9. Fixed Object - Off Road,1. No Adverse Condition (Clear/Cloudy),3. Dusk,1. Dry,8. Non-Intersection,1. Straight - Level,"2. Blacktop, Asphalt, Bituminous",1. No Defects,"2. Two-Way, Divided, Unprotected Median",1. Not at Intersection,6. Traffic Lanes Marked,1. Yes - Working,2. No,,,3. No,15. Other Fixed Object,1. On Roadway,No,No,Belted,No,Yes,No,No,No,No,No,No,No,No,,NOT_RD,VDOT Intersection,No,Yes,Yes,No,9. Northern Virginia,76,076. Prince William County,"4-Minor Arterial (H,3)",3-Two-Way Undivided,Urban,VDOT Secondary,7,1. State Hwy Agency,Northern Virginia,NOVA,R-VA076SC00621WB,1.52,546141.0,26.17,-77.56648616,38.77675738,Visible Injury,All Other,All Other
1118506,243045156,2024,10/28/2024 4:00:00 AM,1605,B,0,0,4,0,4,0,0,2,2. Angle,1. No Adverse Condition (Clear/Cloudy),3. Dusk,1. Dry,9. Within Intersection,4. Grade - Curve,"2. Blacktop, Asphalt, Bituminous",1. No Defects,"1. Two-Way, Not Divided",3. Three Approaches,6. Traffic Lanes Marked,1. Yes - Working,2. No,,,3. No,20. Motor Vehicle In Transport,1. On Roadway,No,No,Belted,No,No,No,No,No,No,No,No,No,No,,NOT_RD,VDOT Intersection,No,Yes,Yes,No,9. Northern Virginia,76,076. Prince William County,"4-Minor Arterial (H,3)",4-Two-Way Divided,Urban,VDOT Secondary,7,1. State Hwy Agency,Northern Virginia,NOVA,R-VA076SC00612WB,0.93,546384.0,4.48,-77.40632543,38.7327427800001,Visible Injury,All Other,All Other
1118537,243065205,2024,10/30/2024 4:00:00 AM,447,A,0,1,2,0,3,0,0,2,2. Angle,1. No Adverse Condition (Clear/Cloudy),4. Darkness - Road Lighted,1. Dry,1. Main-Line Roadway,1. Straight - Level,"2. Blacktop, Asphalt, Bituminous",1. No Defects,"2. Two-Way, Divided, Unprotected Median",4. Four Approaches,3. Traffic Signal,1. Yes - Working,2. No,,,3. No,20. Motor Vehicle In Transport,1. On Roadway,No,No,Belted,No,No,No,No,No,No,No,No,No,Yes,5.0,NOT_RD,VDOT Intersection,No,No,Yes,Yes,9. Northern Virginia,76,076. Prince William County,"4-Minor Arterial (H,3)",4-Two-Way Divided,Urban,VDOT Primary,7,1. State Hwy Agency,Northern Virginia,NOVA,R-VA   SR00234NBBUS001,5.88,547405.0,6.08,-77.5120524499999,38.78323362,Severe Injury,All Other,All Other
1118593,243115150,2024,11/5/2024 5:00:00 AM,1736,B,0,0,1,0,1,0,0,1,8. Non-Collision,1. No Adverse Condition (Clear/Cloudy),5. Darkness - Road Not Lighted,1. Dry,8. Non-Intersection,4. Grade - Curve,"2. Blacktop, Asphalt, Bituminous",1. No Defects,"2. Two-Way, Divided, Unprotected Median",1. Not at Intersection,6. Traffic Lanes Marked,1. Yes - Working,2. No,,,3. No,39. Fell/Jumped From Vehicle,1. On Roadway,No,No,Belted,No,No,No,No,No,No,No,Yes,No,Yes,5.0,RD_UNKNOWN,Not Intersection,No,No,Yes,Yes,9. Northern Virginia,76,076. Prince William County,"3-Principal Arterial - Other (E,2)",4-Two-Way Divided,Rural,VDOT Primary,7,1. State Hwy Agency,Northern Virginia,NOVA,R-VA   US00029NB,214.56,,,-77.6776518999999,38.77927348,Visible Injury,Motorcycle-related,Motorcycle-related
1118648,243175110,2024,11/6/2024 5:00:00 AM,341,B,0,0,2,0,2,0,0,2,2. Angle,1. No Adverse Condition (Clear/Cloudy),2. Daylight,1. Dry,9. Within Intersection,1. Straight - Level,"2. Blacktop, Asphalt, Bituminous",1. No Defects,"2. Two-Way, Divided, Unprotected Median",3. Three Approaches,4. Stop Sign,1. Yes - Working,2. No,,,3. No,20. Motor Vehicle In Transport,1. On Roadway,No,No,Belted,No,No,No,No,No,No,No,No,No,No,,NOT_RD,Urban Intersection,No,No,Yes,No,9. Northern Virginia,76,076. Prince William County,"7-Local (J,6)",,Urban,NonVDOT secondary,7,6. Private/Unknown Roads,Northern Virginia,NOVA,S-VA152NP CONNER DR,0.38,,,-77.4508607,38.76752513,Visible Injury,All Other,All Other
1118753,243235153,2024,11/15/2024 5:00:00 AM,2147,B,0,0,1,0,1,0,0,3,1. Rear End,1. No Adverse Condition (Clear/Cloudy),4. Darkness - Road Lighted,1. Dry,10. Intersection Related - Within 150 Feet,1. Straight - Level,"2. Blacktop, Asphalt, Bituminous",1. No Defects,"3. Two-Way, Divided, Positive Median Barrier",4. Four Approaches,3. Traffic Signal,1. Yes - Working,2. No,,,3. No,20. Motor Vehicle In Transport,1. On Roadway,No,No,Belted,No,No,No,No,No,No,No,No,No,No,,NOT_RD,VDOT Intersection,Yes,No,Yes,Yes,9. Northern Virginia,76,076. Prince William County,"4-Minor Arterial (H,3)",4-Two-Way Divided,Urban,VDOT Secondary,7,1. State Hwy Agency,Northern Virginia,NOVA,R-VA076SC00640WB,6.46,719657.0,78.41,-77.3040261099999,38.6566353900001,Visible Injury,All Other,All Other
1118800,243265307,2024,11/16/2024 5:00:00 AM,1831,A,0,1,0,0,1,0,0,3,1. Rear End,1. No Adverse Condition (Clear/Cloudy),4. Darkness - Road Lighted,1. Dry,8. Non-Intersection,1. Straight - Level,"2. Blacktop, Asphalt, Bituminous",1. No Defects,"3. Two-Way, Divided, Positive Median Barrier",1. Not at Intersection,17. Highway Safety Corridor,1. Yes - Working,2. No,,,3. No,20. Motor Vehicle In Transport,1. On Roadway,Yes,No,Unbelted,No,Yes,No,No,Yes,No,No,No,No,Yes,60.0,NOT_RD,Not Intersection,No,No,Yes,Yes,9. Northern Virginia,76,076. Prince William County,"1-Interstate (A,1)",4-Two-Way Divided,Urban,VDOT Interstate,7,1. State Hwy Agency,Northern Virginia,NOVA,R-VA   IS00095NB,159.7,,,-77.2727127699999,38.6657606900001,Severe Injury,All Other,All Other
1118835,243305066,2024,11/12/2024 5:00:00 AM,630,B,0,0,2,0,2,0,0,2,2. Angle,1. No Adverse Condition (Clear/Cloudy),1. Dawn,1. Dry,9. Within Intersection,3. Grade - Straight,"2. Blacktop, Asphalt, Bituminous",1. No Defects,"1. Two-Way, Not Divided",3. Three Approaches,6. Traffic Lanes Marked,6. No Traffic Control Device Present,2. No,,,3. No,20. Motor Vehicle In Transport,1. On Roadway,No,No,Belted,No,No,No,No,No,No,No,No,No,No,,NOT_RD,Urban Intersection,No,No,Yes,No,9. Northern Virginia,76,076. Prince William County,,,Urban,NonVDOT secondary,7,6. Private/Unknown Roads,Northern Virginia,NOVA,S-VA076NP RIVER WALK WAY,0.3,,,-77.28602124,38.62924087,Visible Injury,All Other,All Other
1119195,243625094,2024,12/20/2024 5:00:00 AM,1321,B,0,0,1,0,1,0,0,2,4. Sideswipe - Same Direction,1. No Adverse Condition (Clear/Cloudy),2. Daylight,1. Dry,1. Main-Line Roadway,1. Straight - Level,"2. Blacktop, Asphalt, Bituminous",1. No Defects,"1. Two-Way, Not Divided",1. Not at Intersection,7. No Passing Lines,1. Yes - Working,2. No,,,3. No,20. Motor Vehicle In Transport,1. On Roadway,No,No,Belted,No,No,No,No,No,No,No,No,No,No,,NOT_RD,Not Intersection,No,No,Yes,No,9. Northern Virginia,76,076. Prince William County,"5-Major Collector (I,4)",3-Two-Way Undivided,Urban,VDOT Secondary,7,1. State Hwy Agency,Northern Virginia,NOVA,R-VA076SC01954EB,0.57,547989.0,393.89,-77.3382707,38.6640836,Visible Injury,All Other,All Other
1119196,243625108,2024,12/21/2024 5:00:00 AM,1030,B,0,0,1,0,1,0,0,3,1. Rear End,1. No Adverse Condition (Clear/Cloudy),2. Daylight,1. Dry,10. Intersection Related - Within 150 Feet,1. Straight - Level,1. Concrete,1. No Defects,"3. Two-Way, Divided, Positive Median Barrier",3. Three Approaches,6. Traffic Lanes Marked,1. Yes - Working,2. No,,,3. No,20. Motor Vehicle In Transport,1. On Roadway,No,No,Belted,No,No,No,No,No,No,No,No,No,No,,NOT_RD,VDOT Intersection,No,No,Yes,No,9. Northern Virginia,76,076. Prince William County,"4-Minor Arterial (H,3)",4-Two-Way Divided,Urban,VDOT Secondary,7,1. State Hwy Agency,Northern Virginia,NOVA,R-VA076SC00641EB,2.34,548865.0,108.06,-77.2993331599999,38.6831267700001,Visible Injury,All Other,All Other
1119237,243665090,2024,12/30/2024 5:00:00 AM,2307,B,0,0,1,0,1,0,1,1,12. Ped,1. No Adverse Condition (Clear/Cloudy),4. Darkness - Road Lighted,1. Dry,9. Within Intersection,1. Straight - Level,"2. Blacktop, Asphalt, Bituminous",1. No Defects,"3. Two-Way, Divided, Positive Median Barrier",4. Four Approaches,3. Traffic Signal,1. Yes - Working,2. No,,,3. No,19. Ped,1. On Roadway,No,No,Belted,No,No,No,No,No,No,No,No,Yes,No,,NOT_RD,VDOT Intersection,No,No,Yes,Yes,9. Northern Virginia,76,076. Prince William County,"4-Minor Arterial (H,3)",4-Two-Way Divided,Urban,VDOT Secondary,7,1. State Hwy Agency,Northern Virginia,NOVA,R-VA076SC00784WB,6.54,546648.0,58.04,-77.3033197,38.62754291,Visible Injury,Pedestrian-related,Pedestrian-related